title,title_length,url,author,author_karma,author_comment_karma,author_account_age_days,upvotes,comments,post_time,image_text,text_length,polarity,subjectivity,title_emotion,image_emotion
After the presidential debate,29,https://i.redd.it/86sheg1ggc9d1.png,Ambitious_Credit_425,3940.0,3466.0,85.0,1.0,0.0,2024-06-28 17:03:34,"May the best golf
player win!

",31,1.0,0.35,anger,joy
I hope the joke doesn't fly above anyone's head,47,https://i.redd.it/pddbqx3cfc9d1.png,pion99,1576.0,386.0,665.0,22.0,1.0,2024-06-28 16:57:38,"""Where did the Nordic pilot go?""

""| don't know, he vanished into

",67,0.0,0.0,joy,fear
"Yeah, this week... need-a cuppa... or two, or three",51,https://i.redd.it/hhj740o9ec9d1.jpeg,cytherian,179631.0,91743.0,3256.0,6.0,1.0,2024-06-28 16:51:34,"Nothing like a
morning cup of

",31,0.0,0.0,anger,anger
The county hasn't been this united since the summer of Tiger King! MERCA!!!üá∫üá∏üá∫üá∏,79,https://i.redd.it/5lnglenxdc9d1.jpeg,GoDiegoGo2469,3859.0,219.0,624.0,13.0,0.0,2024-06-28 16:49:22,,3,0.0,0.0,anger,none
We have to help the boomers,27,https://i.redd.it/945rybapcc9d1.jpeg,Psyfreakpt,120147.0,17417.0,1513.0,58.0,2.0,2024-06-28 16:42:36,,3,0.0,0.0,joy,none
How tf can you write this bad lyrics?,37,https://i.redd.it/3zg3myiobc9d1.jpeg,TrueGamer77,12822.0,2771.0,525.0,6.0,0.0,2024-06-28 16:36:44,"ea OUTRYNA
STRIKE A(CHORD
-MINOOOOOOR,
",39,0.0,0.0,sadness,anger
Oh Dear God No!,15,https://i.redd.it/4ov2ftdabc9d1.jpeg,TripolarMan,52092.0,38631.0,268.0,10.0,5.0,2024-06-28 16:34:50,,3,0.0,0.0,anger,none
50 cent + 50 cent,17,https://i.redd.it/qhkszta6ac9d1.png,RLDBMate,1581.0,195.0,819.0,6.0,4.0,2024-06-28 16:28:19,"Cashier: Alright sir, your
total comes out to a dollar.

Me:

",62,0.0,0.75,joy,joy
"I mean, that was the sales pitch ",33,https://i.redd.it/hpou4trm9c9d1.jpeg,bountyhunterfromhell,614151.0,22369.0,1762.0,21.0,1.0,2024-06-28 16:25:15,"I'M STILL WAITING FOR ARTIFICIAL
INTELLIGENCE TO SAVE HUMANITY

",64,-0.6,1.0,joy,joy
Keystrokes keystrokes keystrokes,32,https://i.redd.it/xpdvyy3c9c9d1.jpeg,Independent-Pea8223,24623.0,18994.0,1303.0,15.0,1.0,2024-06-28 16:23:36,"Me attempting to
download anything free

Jsinxdx=‚Äîcosx+¬¢ ‚Ñ¢

Pigxdx = ‚ÄîInfeosx|+

ox x|
Tene 495|*C
Zareig?
eke a
a

",116,0.4,0.8,fear,joy
It's true and that's okay,25,https://i.redd.it/5mc9ffyr8c9d1.png,TheBlackoutEmpire,595228.0,39247.0,2795.0,6.0,2.0,2024-06-28 16:21:39,,3,0.0,0.0,joy,none
New template,12,https://i.redd.it/8xmt7f5j7c9d1.jpeg,udisgustme4r,1272.0,920.0,117.0,10.0,1.0,2024-06-28 16:13:29,"KlJK, Uni LUISTER, JE WEET TOCH MARK ZIT IN DE
GROEPSAPP MAAR , UH, MAAR Hid REAGEERT NOOIT

| HAVE NO IDEA WHAT HE SAID AT THE END OF
HIS SENTENCE, TDONT THIRK HE EVEN KNOWS

",176,0.0,0.0,joy,anger
happened to me before that's how i know,39,https://i.redd.it/8jhwnure6c9d1.png,h_djo,51725.0,29471.0,2735.0,19.0,0.0,2024-06-28 16:07:22,"When you wake up and cannot
remember if you actually peed
in the elevator or if it was alla
dream

",99,0.0,0.1,anger,fear
Sometimes I wish I could pay my brain to be quiet,49,https://i.redd.it/2c1mud8a5c9d1.jpeg,Dusskulll,112726.0,50302.0,2368.0,9.0,0.0,2024-06-28 16:00:53,,3,0.0,0.0,sadness,none
Interstate Exits,16,https://i.redd.it/h2k91mby4c9d1.jpeg,thelogicbox,8477.0,3236.0,5441.0,4.0,13.0,2024-06-28 15:59:21,"Waiting at
the end of

| the line on

1a backed up exit

Cutting
over at the
last second
",89,-0.1999999999999999,0.3222222222222222,fear,anger
"In my opinion, Rizz is not charisma",35,https://i.redd.it/21tl8xq04c9d1.jpeg,Zman2647_Cooljoe,598.0,136.0,547.0,7.0,2.0,2024-06-28 15:53:48,"When you realize GenZ is not cracked out
to be as it was back in the 70s

",74,0.0,0.0,joy,sadness
Just shut up and take my money!,31,https://i.redd.it/l0f166hz2c9d1.jpeg,TheEnterVert,7855.0,384.0,363.0,75.0,8.0,2024-06-28 15:52:58,"Colleges when they find a kid with
a 1.3 GPA who did the bare minimum in high

school to maintain athletic eligibility
but he can throw an egg-shaped ball really far:

NEST

imafiip.com
",186,0.1033333333333333,0.5466666666666667,anger,joy
I Bet He's Thinking About Other Women ,38,https://i.redd.it/dgv00aig1c9d1.jpeg,snowfalcon777,37303.0,304.0,1983.0,14.0,2.0,2024-06-28 15:39:27,"Her: | bet he's thinking about
other women

Him: If Heaven is a realm of perfect
knowledge, where we know everything about
all things, what will there be left to discover
and share? Will conversation become obsolete,
or will our understanding of the universe
evolve in a way that always brings new
perspectives and ideas to explore?

",334,0.252840909090909,0.4573863636363636,joy,sadness
"I have to repeat the course, guys",33,https://i.redd.it/fyyrztuhyb9d1.jpeg,ecstacy1706,4964.0,4490.0,657.0,7.0,0.0,2024-06-28 15:23:23,"Ss MY TEACHER\GUESTIONING HER ENTIRECAREER AS
‚ÄòSAY THE SHITTIEST ANSWERS TO HER DURING\THE VIVA

",97,0.0,0.0,joy,anger
Solen‚Äôya,8,https://i.redd.it/uavvzp8gyb9d1.jpeg,Odinthedoge,146445.0,82369.0,1266.0,3.0,1.0,2024-06-28 15:22:36,"q
rub
3
ME WAT ey TIME IN J
",28,0.0,0.0,anger,anger
He simply does not,18,https://i.redd.it/4qtuq64lwb9d1.jpeg,Gooderguy2006,1088.0,165.0,1928.0,58.0,6.0,2024-06-28 15:12:10,"Donald Duck comics were bannec
in Finland because he does not

",63,0.0,0.0,anger,anger
Daily Nichijou meme #2267,25,https://i.redd.it/fggvpfqdwb9d1.jpeg,Holofan4life,12750271.0,334889.0,2760.0,2.0,0.0,2024-06-28 15:10:59,"Los Angeles Lakers: ‚ÄúSigns Bronny James,
the son of LeBron James*

Fans of nepotism:

",86,0.0,0.0,anger,anger
Time to turn this into a meme,29,https://i.redd.it/8efa9hqhvb9d1.jpeg,77_mec,43014.0,10554.0,420.0,20.0,2.0,2024-06-28 15:06:00,"Li TT]

a

ME SAYING OR|DOING;SOMETHING
THAT FELT COOL IN THE MOMENT

ALSO MEIN 10
YEARS LOOKING ON IN
EMBARRASSMENT AT THE MEMORY
",131,0.35,0.65,anger,joy
"Take off those nostalgia goggles, tomska ran out of jokes",57,https://i.redd.it/euih2x7wub9d1.jpeg,Gugarabelo,91919.0,1349.0,1210.0,0.0,6.0,2024-06-28 15:02:40,"Ew, | stepped in shit.

",24,-0.2,0.8,anger,anger
Everytime,9,https://i.redd.it/9iav4enftb9d1.jpeg,Least-Ad-1806,25951.0,7480.0,158.0,17.0,1.0,2024-06-28 14:54:28,,3,0.0,0.0,anger,none
Finally,7,https://i.redd.it/k5wdd4rusb9d1.jpeg,AgreeingAtTeaTime,4579.0,2459.0,382.0,7.0,0.0,2024-06-28 14:51:12,"se =i
WE FINALLY rin

ithofiip.
",32,0.0,1.0,joy,joy
We all did this at some point.,30,https://i.redd.it/cyo64ndbsb9d1.jpeg,StepBrother7,70558.0,40323.0,1261.0,71.0,8.0,2024-06-28 14:48:12,"I can't

I! cannot

I do not currently
possess the ability
to can

",67,0.0,0.4,anger,joy
Am I the only one?,18,https://i.redd.it/du6lpu5trb9d1.jpeg,Least-Ad-1806,25951.0,7480.0,158.0,9.0,3.0,2024-06-28 14:45:21,,3,0.0,0.0,anger,none
Strauss Zelnick,15,https://i.redd.it/mf4xmze8qb9d1.jpeg,NewSpecific9417,3366.0,1604.0,371.0,4.0,1.0,2024-06-28 14:36:31,"ol

HIS HUBRIS,
",16,0.0,0.0,anger,anger
The most affective Bug Killer on Earth.,39,https://i.redd.it/28aga9w3ob9d1.jpeg,StonerPowah61,23324.0,2650.0,372.0,26.0,3.0,2024-06-28 14:24:37,"WHO WOULD WIN?

A\G|DOLLAR
DISHISOAP.

",39,0.8,0.4,joy,joy
I see no mandatory milking of the major event ,46,https://i.redd.it/0c5iy5irnb9d1.jpeg,User_8395,30830.0,21421.0,164.0,41.0,8.0,2024-06-28 14:22:41,"mfw when my feed isn't
plastered with memes about the debate

",62,0.0,0.0,anger,anger
The metamorphosis ,18,https://i.redd.it/yhm2g867nb9d1.jpeg,CloudTraditional4983,11707.0,10418.0,816.0,17.0,1.0,2024-06-28 14:19:32,"The Metamorphosis, written by
Franz Kafka. (colorized 1917)
",60,0.0,0.0,fear,joy
Meme from our developer,23,https://i.redd.it/98hcumyelb9d1.jpeg,Horizon__world,9192.0,1900.0,104.0,35.0,5.0,2024-06-28 14:10:10,"In the social networks Inthe mirror

",37,0.0333333333333333,0.0666666666666666,anger,anger
When two presidential candidates argue about their golf game.,61,https://i.redd.it/scheidj9gb9d1.jpeg,Darebear4615,1617.0,1502.0,855.0,15.0,1.0,2024-06-28 13:40:39,"GOLD JACKET? GREEN JACKET?
. Bu.

‚Äî‚Äî

‚Äò

‚ÄúYs
1 K ve) \ a 2
‚ÄúWHO GIVES ASHIT? =

rane epee
",90,-0.2,0.3,anger,anger
I guess it happens,18,https://i.redd.it/5z5e54ihfb9d1.jpeg,afireofnature,13672.0,810.0,595.0,49.0,5.0,2024-06-28 13:36:20,,3,0.0,0.0,joy,none
"For future reference, I moved to Norway BEFORE it became trendy and hip to move to Norway.",90,https://i.redd.it/b7adb2hleb9d1.jpeg,Necro_Coitus,16642.0,9626.0,227.0,13.0,3.0,2024-06-28 13:31:18,,3,0.0,0.0,joy,none
Every fucking time ,19,https://i.redd.it/sg3vn7yr9b9d1.jpeg,Trashpit996,147587.0,45745.0,817.0,39.0,4.0,2024-06-28 13:04:17,"The McDonalds
employee watching
my bun burn toa

crisp

",56,0.25,0.4166666666666667,anger,anger
"Liar, I am tomato!",18,https://i.redd.it/znup009ubb9d1.jpeg,burritolegend1500,24194.0,8815.0,1103.0,18.0,1.0,2024-06-28 13:15:51,"Fancy beauty centre lady: your face will go slightly red

That ""slightly red"":

",80,0.0,0.0,anger,joy
M-m-m-monster!,14,https://i.redd.it/612ngit6ya9d1.jpeg,Asriel177,11576.0,6600.0,1440.0,38.0,2.0,2024-06-28 11:59:23,"ws

clothesin ey
:\ =
A fy

4

\

&

10 year old me =

trying to sleep

ARV

_‚Äî TF
4

,
her
",92,-0.075,0.6,anger,fear
There is a meme I have forgotten. Help me find it.,50,https://i.redd.it/nthcym72ta9d1.jpeg,Grammar_Learn,18544.0,5590.0,560.0,18.0,2.0,2024-06-28 11:30:36,"¬´]

eme | forgot
",17,0.0,0.0,sadness,sadness
Oops.....,9,https://i.redd.it/lgn2e6jdla9d1.jpeg,Sid_Krishna_Shiva,13540.0,440.0,334.0,0.0,15.0,2024-06-28 10:47:31,"3 A Sudden Hawk
-Tuah! Attack

",31,0.0,0.5,anger,fear
My actions have consequences? Say it ain't so,45,https://i.redd.it/lrihgxr3la9d1.jpeg,VirtualButt,169073.0,69590.0,1977.0,15.0,2.0,2024-06-28 10:46:01,"Me: *thinking I'll make good
decisions from now on*
What the current situation is
because of my past decisions:

",113,0.15,0.4166666666666667,anger,joy
My chair stays empty now,24,https://i.redd.it/2k62ex5x2a9d1.jpeg,OxymoreReddit,64689.0,51672.0,1341.0,85.0,10.0,2024-06-28 09:04:05,"Reasons to
get an oversized bed

Sleeping
spread
out like

a starfish

Being able
to leave all
your clothes and
Stuff‚Ñ¢ on it

and still have

1 Mill ‚Äò ) enough space to sleep
‚Äòii
n an NM j

",190,0.25,0.5625,sadness,joy
They aren't made of Chicken,27,https://i.redd.it/dhts1ujc1a9d1.jpeg,SalientDred,9116.0,3576.0,480.0,59.0,6.0,2024-06-28 08:55:16,"DO}THEY CALLS
TICMENENNDOOLE SOUPS

imgtip Som
",47,0.0,0.0,anger,anger
Too often,9,https://i.redd.it/1x36cksjw99d1.jpeg,No_Permission_374,29920.0,24066.0,362.0,65.0,4.0,2024-06-28 08:28:23,,3,0.0,0.0,anger,none
"Yikes, that was painful to watch!",33,https://i.redd.it/wpgd43pgt99d1.jpeg,J3FF949,520.0,177.0,1406.0,18.0,2.0,2024-06-28 08:11:04,"GAVIN NEWSOM RIGHT NOW...

| ‚ÄúAC .

AL

| CAN FLY. 1M A PILOT.
",63,0.5428571428571429,0.7178571428571429,sadness,joy
Gotta go loud,13,https://i.redd.it/wgz5k97kj99d1.png,oranke_dino,737657.0,50434.0,1006.0,18.0,0.0,2024-06-28 07:16:20,,3,0.0,0.0,joy,none
Sad reality,11,https://i.redd.it/skrz8b3ab99d1.png,GameZedd01,75790.0,15636.0,2002.0,95.0,5.0,2024-06-28 06:29:10,,3,0.0,0.0,sadness,none
What a guy,10,https://i.redd.it/sn339ovg699d1.jpeg,Nanaue7,580517.0,48717.0,1037.0,22.0,1.0,2024-06-28 06:02:12,,3,0.0,0.0,anger,none
Inspired by a true story ;(,27,https://i.redd.it/veuuusup099d1.jpeg,smokeyanonymous,7760.0,1482.0,560.0,85.0,2.0,2024-06-28 05:29:57,"My drawstrings J
normally:

My drawstrings when ~
I‚Äôm 5 seconds away
from pissing myself
",89,0.15,0.6499999999999999,joy,anger
"Gentle-Satch, the most interesting pup",38,https://i.redd.it/n7kiu0ze099d1.png,cdiddy19,716993.0,696565.0,1699.0,18.0,1.0,2024-06-28 05:28:16,,3,0.0,0.0,joy,none
"Perhasp a repeated opinion but I believe A.I art is its own thing rather tradiational, digital art. Its kind of how we compare between Noise and Film grain when comes to photography, an A.I generated art is pretty much a shot of imagination that does not have the flaw made by a human or nature.",295,https://i.redd.it/6twuj76rx89d1.jpeg,binhan123ad,59092.0,44771.0,1447.0,0.0,37.0,2024-06-28 05:21:27,,3,0.0,0.0,joy,none
A great feeling tbh,19,https://i.redd.it/ov1ez07uy89d1.jpeg,Ep1cman152,122553.0,28889.0,2112.0,63.0,2.0,2024-06-28 05:19:25,"When you‚Äôre hanging out with your friend‚Äôs
friends for the first time and one of them
says ‚ÄúI like this guy‚Äù

-

",113,0.25,0.3333333333333333,joy,joy
Best shooter since sliced bread,31,https://i.redd.it/tn6bc3stx89d1.jpeg,Cute_Produce9548,48329.0,27456.0,1090.0,28.0,2.0,2024-06-28 05:13:45,"When life so cooked you
gotta pull out this combo

* |

IN| =) R.

",67,0.5,1.0,joy,joy
But fr that does hurt though ,29,https://i.redd.it/48sgyi3bv89d1.jpeg,Next_Airport_7230,150145.0,14784.0,351.0,58.0,12.0,2024-06-28 05:00:04,"When you nut but she just keeps suckin!

",41,0.0,0.0,sadness,anger
time for rick to roll away,26,https://i.redd.it/dborj8fzp89d1.jpeg,SpottyJaggy,25255.0,5503.0,413.0,16.0,2.0,2024-06-28 04:29:47,,3,0.0,0.0,anger,none
Aww man!,8,https://i.redd.it/0zvuptomj89d1.jpeg,TheEnterVert,7855.0,384.0,363.0,68.0,1.0,2024-06-28 03:54:34,"The guy who pulled
out a gun on me when
| say ""Swiper no swiping""

""-)You'got me there
",87,0.0,0.0,anger,anger
I‚Äôve gotten some pretty solid advice ngl ,41,https://i.redd.it/1kktidurg89d1.jpeg,xX_Skibidi_Gyatt_Xx,32605.0,10863.0,80.0,37.0,12.0,2024-06-28 03:38:10,"Gy ¬´| }
Corporate needs you to find the differences
A between this picture and this picture.

People In 2024

They're the same picture.

",137,0.0,0.0625,joy,joy
My whole life ,14,https://i.redd.it/la3gayxsd89d1.jpeg,Mobile_Childhood_484,7422.0,1617.0,25.0,19.0,2.0,2024-06-28 03:21:31,,3,0.0,0.0,anger,none
It's easy to see why pics like those don't ever trend,53,https://i.redd.it/cd7wtr8h889d1.jpeg,biggerppgfan,68991.0,2087.0,199.0,43.0,1.0,2024-06-28 02:51:41,"Facebook when
someone wants
to scroll through
without making
an account

| Facebook when
an ai posts the
most ridiculous
shit you've ever
seen

im
|
A 7

‚Äò

no

madewwith me) SN
",178,0.0416666666666666,0.6000000000000001,joy,anger
My favorite,11,https://i.redd.it/suk8e3wlw79d1.png,SalmonelaDoAr,48941.0,1135.0,2036.0,14.0,1.0,2024-06-28 01:45:16,"a giant ‚Äò

eae

the fantasy world got a ig

a

",47,0.0,1.0,joy,joy
The big 3-0,11,https://i.redd.it/jck8g3ent79d1.jpeg,LeavesInsults1291,39137.0,17574.0,1841.0,88.0,13.0,2024-06-28 01:28:35,,3,0.0,0.0,anger,none
spit-shined shoes and everything,32,https://i.redd.it/71eh4o3ls79d1.jpeg,C0C0Wheat,3361.0,208.0,79.0,0.0,0.0,2024-06-28 01:27:12,,3,0.0,0.0,anger,none
"Eeeeeew, gross!",15,https://i.redd.it/77hi5txlo79d1.png,steppinrazor2009,16063.0,15633.0,2286.0,11.0,2.0,2024-06-28 01:00:17,"Evolutionary new |REg
detergent tile fide ¬ª

ORIGINAL

Nice.try Tide, but this Igok
* appetizing atall. _........ |
",116,0.2371212121212121,0.6015151515151516,joy,joy
Idk what to put here,20,https://i.redd.it/6mrau0mll79d1.jpeg,Organic_Promotion_75,6303.0,3491.0,187.0,22.0,2.0,2024-06-28 00:43:26,"Ac)
i
E
¬Æ
E
S

",15,0.0,0.0,anger,joy
Fun grandpa mode activated,26,https://i.redd.it/y0jfhzmyf79d1.jpeg,kyledriscollmusic,4268.0,1241.0,1227.0,78.0,4.0,2024-06-28 00:11:50,"SILENCE, granpa‚Äôs wisdom

racist dementia is TALKING
",53,0.0,0.0,joy,anger
This lean hitting hard too,26,https://i.redd.it/0zovlyhmc79d1.jpeg,SorrowT-T,8008.0,7883.0,681.0,0.0,6.0,2024-06-27 23:54:19,"ME WHEN SHE HAWK TUA

",22,0.0,0.0,anger,anger
the floors are still gonna be dirty at the end of the day,57,https://i.redd.it/abtf11hjc79d1.jpeg,biggerppgfan,68991.0,2087.0,199.0,7.0,3.0,2024-06-27 23:53:14,"GYM TEACHERS:.

",16,0.0,0.0,sadness,anger
What's got you down partner?,28,https://i.redd.it/c75otfh1b79d1.png,666thSuprisedPikachu,505858.0,6755.0,1902.0,54.0,11.0,2024-06-27 23:44:14,"How boys sit in chairs when they
wanna be the baddest in the west
instead of the baddest at school

",100,0.0,0.0,anger,anger
S h r e d d e d b e e f,23,https://i.redd.it/s2r7czqsa79d1.jpeg,SpaceHarrier64,108489.0,38950.0,2390.0,36.0,1.0,2024-06-27 23:42:54,"Shredded beef

besa Shredded beef

shredded beef shredding beef
",64,0.0,0.0,anger,anger
for those who chew their gum loudly and use axe spray without bathing,69,https://i.redd.it/l5hswbruy69d1.jpeg,the_anonymous_lee,36695.0,8599.0,65.0,32.0,11.0,2024-06-27 22:35:56,"if | can smell ur unhygienic ass,

quit playin‚Äô

made with mematic
",67,0.0,0.0,anger,anger
Is my friend cooked?,20,https://i.redd.it/0kvbvhi5v69d1.jpeg,TheRedDrago8247,4127.0,1257.0,985.0,4.0,10.0,2024-06-27 22:15:11,"oe

Bro is that Hitler?!?!?
",28,0.0,0.0,anger,anger
The brain beat the body,23,https://i.redd.it/f6dxvw6jt69d1.jpeg,SameBackground3978,11828.0,6521.0,200.0,5.0,10.0,2024-06-27 22:08:39,"See THATONE KID WHO)BLASTS
DEATH METAL ON HIS HEADPHONES,

Neal S
= os ee
\W 2S |S) ee) ee
Li

",95,0.0,0.0,anger,anger
go ahead,8,https://i.redd.it/jltda33mq69d1.png,jimisaname,6819.0,6280.0,679.0,23.0,2.0,2024-06-27 21:49:45,,3,0.0,0.0,joy,none
Is this too niche?,18,https://i.redd.it/ay5ydb1hp69d1.jpeg,x_3thereal,1612.0,275.0,217.0,0.0,1.0,2024-06-27 21:43:23,"teed MESSAGES OW

Insecurity ‚Äî
| will always be a part of you and | never
plan on leaving.
ES SL ET FEE
\y MESSAGES now

Anxiety
| wonder what we can make go wrong
today.

MESSAGES now
. Ca =~
Please can! go to Ellie and mason G - .
House \ el

(; seer! Dae

Preces for more
",275,-0.140625,0.7,anger,fear
The worst feeling,17,https://i.redd.it/txvvaorfn69d1.jpeg,LayJaly,76725.0,22631.0,251.0,21.0,0.0,2024-06-27 21:31:57,"SELF-CONTROL

NOT KNOWING
IE

FORGOT WAS
IMPORTANT OR NOT,
",59,0.4,1.0,sadness,sadness
I'm killing bro myself at this point ,37,https://i.redd.it/esw21zqxm69d1.jpeg,pletskoo_,23184.0,6407.0,1366.0,54.0,1.0,2024-06-27 21:29:09,"when me and bro are hiding from
a killer and he gets found and
looks over to me and says ""he
found us bro come out""

re
",120,0.0,0.0,anger,fear
When u go to sleep at the time ur parents wake up,49,https://i.redd.it/gx0wpz2rl69d1.jpeg,maddyplayz4645,2789.0,280.0,214.0,29.0,1.0,2024-06-27 21:22:31,"When my mom asks me
how | slept last night

",44,0.0,0.0666666666666666,fear,fear
who's with me?,14,https://i.redd.it/99xejwykk69d1.png,thmm222,6217.0,1837.0,2154.0,59.0,3.0,2024-06-27 21:16:14,"SILENCE, watt

+ =

A Steam Summer

summer is talking
",54,0.0,0.0,anger,anger
A perfect world,15,https://i.redd.it/23bsh87ui69d1.jpeg,TheOneWhoShidAndCame,7023.0,717.0,581.0,26.0,2.0,2024-06-27 21:06:11,"Society if steak fries were fries made of steak

‚Äî
a= = Zz

| co A :

|! ‚Äò Za saa ¬ª

"" a

",90,0.0,0.0,joy,anger
SpongeBob's just cooler,23,https://i.redd.it/reeyxrhri69d1.jpeg,Ocean_Sure811,15701.0,7963.0,642.0,2.0,2.0,2024-06-27 21:05:46,"Drake vs

=‚Äù Kendrick

Glorb vs
YourBoySponge
",46,0.0,0.0,joy,anger
More people should do this,26,https://i.redd.it/dhhgdh2eh69d1.png,SomeoneMilkMan,3032.0,312.0,103.0,26.0,7.0,2024-06-27 20:58:21,"Memes:P %  @ ¬Æ El re (slideshow | +) @& share ~ Q

File Edit View Insert Format Slide Arrange Tools Extensions Help Accessibility

Q Menus ++\5 @ @ Qt ~-|kR To aN- Background | Layout | Theme | Transition

1 2 3 4 5 6

Using meme tools
(like Canva or others)
~ to make memes

Using google slides
to make memes

Click to add speaker notes
",338,0.0,0.0,joy,joy
Return of the king! The Floppy Disk is back on the menu boys!,61,https://i.redd.it/ipl8jtm0g69d1.jpeg,TheMcknightrider,8214.0,7319.0,144.0,42.0,4.0,2024-06-27 20:50:21,,3,0.0,0.0,anger,none
why in god's name did I make this üíÄ,35,https://i.redd.it/pm8ga3z4d69d1.jpeg,Radiant-North-8519,2004.0,947.0,1314.0,0.0,2.0,2024-06-27 20:34:26,,3,0.0,0.0,anger,none
Their souls will haunt you forever.,35,https://i.redd.it/1w2mu7xda69d1.jpeg,TuxedoGlasses,4246.0,843.0,3587.0,0.0,2.0,2024-06-27 20:18:48,,3,0.0,0.0,sadness,none
The best use I can think of for this meme,41,https://i.redd.it/b8t03r1g669d1.jpeg,Zealousideal-Cry3418,8595.0,5100.0,1026.0,7.0,0.0,2024-06-27 19:56:44,"WATCHING THE 3-WAY SCENE

IN THE CLOCKWORK ORANGE MOVIE RE DING THE

SCENE IN THE BOOK

",88,0.0,0.0,anger,anger
Enough wisdom for today,23,https://i.redd.it/603u294x569d1.jpeg,manish787898,17354.0,817.0,1724.0,56.0,6.0,2024-06-27 19:53:53,,3,0.0,0.0,joy,none
Anyone else running into this problem? ,39,https://i.redd.it/9l304pfq569d1.jpeg,Adamc474892,20289.0,6315.0,1570.0,22.0,5.0,2024-06-27 19:52:43,,3,0.0,0.0,anger,none
"In fairness, The Legend of Korra, for all its faults, is significantly better than Megamind Rules.",98,https://i.redd.it/jbyhoxe4c59d1.jpeg,Unlikely-Friend-5108,87457.0,28302.0,418.0,19.0,0.0,2024-06-27 19:35:21,,3,0.0,0.0,joy,none
You can run but you can't hide ...,34,https://i.redd.it/n9qc60ta269d1.jpeg,daddyDAUA,76604.0,2429.0,1518.0,6.0,6.0,2024-06-27 19:33:32,"pov: you left society 25 years
ago but Russia still dropped it
right on top of you.

",85,0.2619047619047619,0.3452380952380952,anger,sadness
I don‚Äôt think we‚Äôre doing it right,34,https://i.redd.it/qo6kr7ao069d1.jpeg,SuperAlex25,484906.0,94412.0,1769.0,11.0,0.0,2024-06-27 19:24:22,,3,0.0,0.0,joy,none
I was abducted and transported to a new world,45,https://i.redd.it/b8anmcqey59d1.jpeg,Embarrassed-Mouse-49,211999.0,64021.0,1288.0,28.0,1.0,2024-06-27 19:11:40,"FLIES REACTION WHEN THEY LEAVE
sYOUR CARINA ITOTALLY(DIFFERENT LOCATION

",73,0.0,0.0,fear,fear
The perfect combination,23,https://i.redd.it/wispud10y59d1.jpeg,tycooperaow,189544.0,39831.0,2212.0,0.0,1.0,2024-06-27 19:09:24,"¬ª

2

}

/

v XD
q

",20,0.0,0.0,joy,joy
That face you make when‚Ä¶,24,https://i.redd.it/dgkj3tiyw59d1.jpeg,smashdelete,9006.0,7103.0,1789.0,0.0,2.0,2024-06-27 19:03:32,"When she gives you the ole‚Äô Hawk Tuah 9000
",43,0.0,0.0,anger,joy
He will be a great actor ,25,https://i.redd.it/imlvl1d6v59d1.jpeg,breaktheads123,55082.0,2464.0,805.0,10.0,5.0,2024-06-27 18:53:33,"John McTiernan after knowing
(What did Ordisrespect do:
E aA ‚Äô

y < me ae
. ‚Äò * )* ; ‚Äòay
ar 2%

",96,0.25,1.0,joy,joy
Can't deepfake hard work.,25,https://i.redd.it/dzyfsv81v59d1.png,Anonmousez,5409.0,1618.0,529.0,15.0,1.0,2024-06-27 18:53:12,"It

gets
removed

",18,0.0,0.0,joy,anger
He not like us,14,https://i.redd.it/7nkcn7t9t59d1.jpeg,Loud-Ad-2280,450296.0,54835.0,1148.0,2.0,4.0,2024-06-27 18:42:52,"y.

His Wife
ahd

y

A Minor

0 om
",35,-0.05,0.2,anger,anger
live.learn.adapt.,17,https://i.redd.it/ytgsjdktn59d1.jpeg,gorgeousfemale69,5300.0,1630.0,22.0,32.0,0.0,2024-06-27 18:12:50,"What the h√©llare you? wf
JA, |. PEOPLE WHO
¬©) UTILIZELAG

inniion eres - Death.
",80,0.0,0.0,joy,anger
The real reason Justin Timberlake had a DUI ,44,https://i.redd.it/d82re2aen59d1.jpeg,edgy_secular_memes,242906.0,30795.0,2653.0,18.0,2.0,2024-06-27 18:09:56,"‚ÄúGee, Brain what are we going to do
tonight?‚Äù

‚ÄúWe're going to do what we do every
night...ruin the tour!‚Äù

‚ÄúWhat tour?‚Äù
‚ÄúThe world tour!‚Äù

sy
5
el

made with mematic
",167,0.0,0.0,anger,anger
Studying with dad,17,https://i.redd.it/chnnjyrdn59d1.jpeg,WolfTamer99,975.0,152.0,331.0,0.0,0.0,2024-06-27 18:09:51,,3,0.0,0.0,joy,none
"I don't know why, but scrolling to the left just doesn't do it for me. ",71,https://i.redd.it/0ueefx41m59d1.jpeg,DiekeDrake,157363.0,140822.0,2048.0,19.0,2.0,2024-06-27 18:02:17,"meenjoying [-¬Æ)
some fun video aay
on reddit eu

me discovering |f@
that scrolling
down doesn't
show more
similar videos
anymore
",129,0.1611111111111111,0.3472222222222222,anger,joy
It's going to happen one day. I hope it will be a good one.,59,https://i.redd.it/qtdivbkok59d1.png,Dramatic_Material_56,35338.0,10870.0,1292.0,51.0,8.0,2024-06-27 17:55:17,"‚Äô
y)

ie ‚Ñ¢~
No REGENERATIONS this time
",39,0.0,0.0,joy,joy
My gaming setup fears me,24,https://i.redd.it/k7gaw7xh059d1.jpeg,Mustardgang22,1996.0,1369.0,1371.0,80.0,4.0,2024-06-27 16:01:35,,3,0.0,0.0,anger,none
imagine failing history because of this,39,https://i.redd.it/rykjidfwu49d1.jpeg,cutie_lady,2412.0,370.0,88.0,67.0,2.0,2024-06-27 15:31:02,"| want to live long
enough to see historians
try to explain this:

",67,0.0287878787878787,0.4666666666666666,sadness,anger
Daily Nichijou meme #2266,25,https://i.redd.it/k7pgsydgr49d1.jpeg,Holofan4life,12750271.0,334889.0,2760.0,1.0,0.0,2024-06-27 15:10:54,"When your phone service expires because

there is not enough money on your account

so you add money on your account but then

you get told your account has been

suspended because you've tried too many

times to reactivate your phone service:
| :

",249,0.25,0.5,anger,sadness
Indie Animation Starter Pack,28,https://i.redd.it/80tv0rh1p49d1.png,PAT_ball5230,3098.0,1030.0,295.0,5.0,2.0,2024-06-27 14:58:20,"Indie animation
starter pack

No blood to fit IN F

age rating, so | |
dumb ways to |
defeat villain ieee as

The community makes R34
1 minute after the pilot releases

ae sf
< oS 13:59
at f
‚Äúys POM , JAX, GUMMIGOO, a
jangle?! | THE AMAZING.
4:31
K views + 3 weeks ago

AG

e NN. jokes (bltzo | has
) big horns lol)

",317,0.221875,0.4333333333333333,joy,joy
Nobody: Absolutely nobody: Not a single fucking soul:,53,https://i.redd.it/pdb4k1ulo49d1.png,deiqdos749,744.0,572.0,43.0,8.0,1.0,2024-06-27 14:54:58,"Watching Porn

FLOOD
WATCH

",28,0.0,0.0,anger,fear
"It's hard when your favorite site switches things up, isn't it?",63,https://i.redd.it/4nwcm6gfm49d1.jpeg,Reciter5613,89594.0,13357.0,3074.0,8.0,4.0,2024-06-27 14:44:10,"The
newest format
of your

= favorite site

The format
before

7a the newest

",78,0.5,1.0,joy,love
Try the new Crimpy Patty!,25,https://i.redd.it/gl5y85lmj49d1.jpeg,Pharaokay,50825.0,2033.0,1481.0,7.0,0.0,2024-06-27 14:27:38,,3,0.0,0.0,anger,none
Oopsies,7,https://i.redd.it/m1cf2tz3j49d1.jpeg,kevrose14,28112.0,20677.0,3039.0,18.0,0.0,2024-06-27 14:24:08,"| ‚Äú le, inite : ,
didn't nuke the
domain server

¬• -e/
VIS

me to not change the ‚Äî
JGuction network

",101,0.0,0.0,anger,anger
Tiny pocket,11,https://i.redd.it/7ev03o18h49d1.jpeg,i3ahab,10911.0,615.0,1421.0,74.0,7.0,2024-06-27 14:13:51,"The tiny pocket on your Jeans is for your
after Tax.

in

mB wit

",66,0.0,0.5,anger,anger
Like wtf is a clockwork zoo???,30,https://i.redd.it/svjrfc5o949d1.jpeg,ElectroGgamer,5889.0,2933.0,414.0,15.0,1.0,2024-06-27 13:31:14,"ANIMATION STUDIOS ON THEIR
way TO PICK THE MOST RANDOM ASS

a W/ ;
if A oi
‚Äú‚Äî a3 aie‚Äù
WORD COMBINATION YOU HAVE EVER
HEARD IN YOUR'ENTIRE LIFE AS THEIR NAME
",157,0.0,0.5416666666666666,anger,joy
This show just can‚Äôt catch a break,34,https://i.redd.it/foi63noc549d1.jpeg,T_E-T_H,39799.0,29534.0,118.0,14.0,1.0,2024-06-27 13:07:01,,3,0.0,0.0,anger,none
We all have that one discord,28,https://i.redd.it/i9k4havp249d1.jpeg,derpy_derp15,103820.0,85388.0,1966.0,13.0,0.0,2024-06-27 12:52:15,,3,0.0,0.0,anger,none
7 out of 10 Americans still don‚Äôt know the difference between fren and bebe,75,https://i.redd.it/zvttcq1h249d1.jpeg,monsieurLeMeowMeow,195565.0,7110.0,913.0,0.0,9.0,2024-06-27 12:50:53,"DIS IS FREN |
=‚ÄîS

NO TEH DIFFRENCE
",36,0.0,0.0,anger,anger
Ending up with a soggy bread coating is no fun,46,https://i.redd.it/7r611oj3z39d1.jpeg,TheSmallestPlap,26982.0,15999.0,674.0,15.0,1.0,2024-06-27 12:31:57,"For best
results,
cook in oven
from frozen

Your oven
cooked,
freezer food
basically
steams itself

Following
instructions
ensures the
best results

Your oven
cooked,
freezer food
basically
steams itself

",205,0.6666666666666666,0.2333333333333333,anger,joy
Don't worry New York you still got the Giants and Jets right?,61,https://i.redd.it/iu6uii1ix39d1.jpeg,CombProfessional434,52588.0,9440.0,1204.0,51.0,7.0,2024-06-27 12:23:00,"NEW YORK a
",11,0.1363636363636363,0.4545454545454545,joy,fear
Duality if man,14,https://i.redd.it/6alto7cgt39d1.jpeg,darkisdesire,7270.0,577.0,1828.0,5.0,0.0,2024-06-27 12:00:20,"[>

.

| m | ws

' MR. BLUE
a Catherine Feeny ,

",49,0.0,0.1,joy,anger
Imitation game,14,https://i.redd.it/dazo1sc3q39d1.jpeg,AASeven,124895.0,34125.0,1948.0,59.0,1.0,2024-06-27 11:41:35,"MOM, AUNT CAROL IS MAKING
THAT HARRISON FORD FACE AGAIN!

",58,0.0,0.0,anger,joy
"Nothing against gamers, just thought this was funny so I made it!",65,https://i.redd.it/j7fi6ok4i39d1.jpeg,Rabbidraccoon18,354233.0,42525.0,1196.0,3.0,5.0,2024-06-27 10:56:51,"YOUR FINAL CHALLENGE
sy) im

CONVINCE GAMERS T0 TOUCH GRASS

",61,0.0,1.0,surprise,joy
Redditors when suburb (has never experienced living in box apartments or concrete holes in the wall),100,https://i.redd.it/1qn3hpqk939d1.jpeg,RinRinDoof,83175.0,28321.0,452.0,0.0,50.0,2024-06-27 10:09:03,"LITERALLY

",11,0.0,0.0,fear,anger
Another meme about Europeans ,29,https://i.redd.it/4wq58vd2739d1.jpeg,TOFFA04,12812.0,7554.0,1313.0,28.0,5.0,2024-06-27 09:54:50,,3,0.0,0.0,anger,none
yes; yes you will be,20,https://i.redd.it/8cw3b5vxy29d1.png,AmpovHater,24082.0,4313.0,272.0,85.0,10.0,2024-06-27 09:09:43,"Psychologists trying to help
you with your weird-ass fears:

ST lu going to be run
: over by a truck just
wf like my daddy

",124,0.0,0.0,joy,fear
Lies and slander,16,https://i.redd.it/nt41i9wpu29d1.jpeg,h00kerspit,6149.0,937.0,1387.0,59.0,12.0,2024-06-27 08:45:38,"Every time a girl ge Sea
wp with inst 12

ing the one who broke==
A = up with the boy ‚Äî - %

",93,0.0,0.0,anger,sadness
ok just hear me out though,26,https://i.redd.it/drjssc7or29d1.png,dork_toast,472.0,219.0,1635.0,25.0,2.0,2024-06-27 08:28:35,"Me, talking about my latest hyperfixation

",43,0.5,0.9,joy,fear
Not all jokes land well. Read the rules. ,41,https://i.redd.it/187ljre0p29d1.jpeg,cursed_mango,1640.0,214.0,1608.0,5.0,3.0,2024-06-27 08:13:39,,3,0.0,0.0,joy,none
It's not the same,17,https://i.redd.it/vb6us8vin29d1.png,manofculture200,1363.0,635.0,1522.0,43.0,8.0,2024-06-27 08:05:31,,3,0.0,0.0,anger,none
Siri wilding.,13,https://i.redd.it/clnwij5ki29d1.jpeg,sinnohstarter390,39334.0,248.0,1415.0,28.0,2.0,2024-06-27 07:37:30,"They say that age is nothing but a
number. But technically, it's also a word.

>

SIRI NO

YOU CAN‚ÄôT SAY THAT!
",111,0.0,0.1,anger,anger
"Life is worth living, guys",26,https://i.redd.it/lbxgvwpci29d1.jpeg,Next-Chemist2443,22213.0,4258.0,768.0,18.0,1.0,2024-06-27 07:36:19,"Me when I'm at a family gathering and
I'm reminded that all of my loved ones
care for and support me:

Notstoday, oldgiriend. &
",128,0.7,0.8,joy,love
OP. Randomly appeared in my feed.,33,https://i.redd.it/fak47k2ne29d1.png,arinc9,50203.0,26856.0,2981.0,26.0,2.0,2024-06-27 07:15:57,"First time camping with afrench : A Diagrams reveal what the inside
girl of the Twin Towers looked like o...
Outdoor Ginger Depressed Ginger
38K views * 3 weeks ago 21K views + 14 hours

",187,0.25,0.3333333333333333,fear,sadness
Jackpot!,8,https://i.redd.it/oxi6la29e29d1.png,Substantial_Tax_7595,927.0,297.0,138.0,48.0,1.0,2024-06-27 07:13:23,,3,0.0,0.0,anger,none
We fixed the glitch...problem's solved from our end,51,https://i.redd.it/rb69dag6c29d1.png,russellmzauner,48354.0,34670.0,2711.0,47.0,1.0,2024-06-27 07:06:23,"ST A RLIN ER

In space no one can hear you ¬Æw the

fucking whistle

",68,-0.6,0.8,joy,anger
THE CRASH,9,https://i.redd.it/b6ly0fsax19d1.jpeg,No_Run4263,2999.0,796.0,533.0,21.0,3.0,2024-06-27 05:38:21,,3,0.0,0.0,fear,none
Waking up after 30 years in a coma be like...,45,https://i.redd.it/7o7i2xgut19d1.jpeg,C0C0Wheat,3361.0,208.0,79.0,0.0,33.0,2024-06-27 05:19:36,,3,0.0,0.0,fear,none
"hmmmm, trial by stone",21,https://i.redd.it/5rckm4ynn19d1.jpeg,biggerppgfan,68991.0,2087.0,199.0,5.0,2.0,2024-06-27 04:44:43,"CHAMBERLAIN: ‚Äò1S WALKING UP.TO THE EMPEROR'S STAFF‚Äù

ee

ir gonna stop ‚Äút
you right there -.
",93,0.2857142857142857,0.5357142857142857,joy,anger
Stuck on stage one,18,https://i.redd.it/s9gdb66gj19d1.jpeg,MediocreGenius69,8997.0,3580.0,394.0,46.0,5.0,2024-06-27 04:20:44,"Dressing like
shit because
you re poor

Dressing like
shit because you
plan to stay poor

Dressing like
shit because you plan
to get rich

Dressing like
shit because
youre rich

",178,-0.10625,0.7375,anger,sadness
I've never had so much power.,29,https://i.redd.it/tyjjxe4hd19d1.png,Mobile-Opinion7330,13268.0,11256.0,1237.0,14.0,2.0,2024-06-27 03:47:13,"WHAT GivES PEOPLE
FEELINGS OF POWER

",37,0.0,0.0,joy,joy
This guy reaction,17,https://i.redd.it/lfj2bjpzc19d1.jpeg,StrainObjective8615,908.0,408.0,1180.0,5.0,2.0,2024-06-27 03:44:52,,3,0.0,0.0,anger,none
Fate worse than death,21,https://i.redd.it/8r5jcm64c19d1.png,Zeroshame14,61086.0,15287.0,1955.0,59.0,4.0,2024-06-27 03:39:38,"WHEN YOU LOVE GARLIC BREAD
~

=

AND GET TURNED INTO A VAMPIRE
",63,0.5,0.6,anger,anger
Valhalla I'm coming ,20,https://i.redd.it/5v512eprb19d1.jpeg,Deathblade_311,223361.0,157017.0,1058.0,30.0,9.0,2024-06-27 03:37:39,"Finally gets_a good job,
fast carandfahot wife

@yallarhorn is. Bint
",69,0.3,0.7333333333333334,joy,joy
Just fixed mental health problems...,36,https://i.redd.it/mz5wjccc019d1.jpeg,LuraziusTwitch,53725.0,13965.0,119.0,14.0,13.0,2024-06-27 02:33:36,"OLDER POOP THEM
SELF AND WEARING A DIAPER

SO IF YOU DON'T WANT TO FEEL
LIKE SHIT, WEAR A DIAPER

",98,-0.0166666666666666,0.5666666666666667,joy,sadness
In my opinion of course. :),27,https://i.redd.it/o13asiowz09d1.jpeg,sadpastlife,122505.0,13184.0,507.0,0.0,7.0,2024-06-27 02:32:45,"Waitjyou think
Spitler-Man-Acrossithe Spiler-Verse is
Sy, =
ovenmatemas tuck?

od r

4
do, and Tm tired a
of pretending it's not
",129,-0.4,0.7,anger,sadness
Dating is a fun game,20,https://i.redd.it/6upof2fzx09d1.jpeg,LuraziusTwitch,53725.0,13965.0,119.0,48.0,2.0,2024-06-27 02:20:22,,3,0.0,0.0,joy,none
"Elon still hasn‚Äôt perfected EVs, far from it",44,https://i.redd.it/xwk6w5uyq09d1.jpeg,MemesJihad,31207.0,7294.0,114.0,0.0,88.0,2024-06-27 01:41:03,"Gasoline vehicles
driving 300+
miles for $80.

Hybrid
vehicles
driving 600+
miles for $45

Full electric vehicles
driving 100 miles for
$200+ worth of
electricity.

(And it takes 24+ hours
to fill up from empty)

",213,0.1833333333333333,0.3833333333333333,joy,joy
"that's how it works, right?",27,https://i.redd.it/267clvnfj09d1.jpeg,iron2099yt,8172.0,4119.0,1086.0,54.0,2.0,2024-06-27 00:58:50,"No one:
matter:

y

ouyknow, I'm something

",44,0.0,0.0,joy,anger
Aliens Gon' Steal Our Cattle!,29,https://i.redd.it/fq6s0tz1j09d1.jpeg,Flashlight237,91519.0,8228.0,3524.0,6.0,0.0,2024-06-27 00:57:07,,3,0.0,0.0,anger,none
She's a national treasure...,28,https://i.redd.it/drjlklmua09d1.jpeg,_LLORT_NAISSUR_,11520.0,5492.0,1269.0,0.0,11.0,2024-06-27 00:10:42,"~
~
af
<)
|
‚Äòedad |
a
a
cs |
‚Äî
‚Äúa
te

‚Äú

adidas -*-

adidas ty

",64,0.0,0.0,joy,joy
God Save Us All,15,https://i.redd.it/4if52ccm509d1.jpeg,Nomenous_Quandary,3321.0,3113.0,228.0,19.0,3.0,2024-06-26 23:41:23,"> OTHIS HAWK(\TUAH BUSINESS
IS}GOING TO|GET OUT OF CONTROLS

>i j wil ~
IT WILL GET OUT OF CONTROL
AND WELL BE LUCKY TO LIVE THROUGH IT.

imafiip.com
",150,0.2348484848484848,0.6666666666666667,joy,joy
I got you a little something...,31,https://i.redd.it/3knlxjpf409d1.png,fistpumpwhat,11412.0,7399.0,4837.0,23.0,2.0,2024-06-26 23:35:12,,3,0.0,0.0,joy,none
"Doc, take a seat right there..",30,https://i.redd.it/bxwb3zte009d1.jpeg,grey_geist1,3318.0,244.0,546.0,30.0,0.0,2024-06-26 23:12:14,,3,0.0,0.0,anger,none
Advice used to practical now it's all just decorative.,54,https://i.redd.it/hmp4003pxz8d1.jpeg,Waitingforlunch,118527.0,1728.0,2713.0,29.0,3.0,2024-06-26 22:59:25,"whe internet
People who came giving,terrible

here for the jokes life advice
",77,0.0,0.0,joy,sadness
I'm an easy target,18,https://i.redd.it/1q8d81mkwz8d1.jpeg,newroeliedude554,121843.0,22019.0,1855.0,26.0,1.0,2024-06-26 22:50:40,"MYEUTUREGIREERIEND
AETER/MEETING

MEFROBABLY,
",46,0.0,0.0,joy,joy
And here we go again!,21,https://i.redd.it/x7smn5t3uz8d1.jpeg,SemiSentientGarbage,298051.0,217384.0,930.0,14.0,7.0,2024-06-26 22:36:52,"Cond Old Valyria
2d:@

Fabien Frankel has now limited his
comments on Instagram due to
harassment.

Please remember to separate the character
from the actor. Fabien has done a
wonderful job portraying Ser Criston Cole
and he deserves praise for it.

‚Äî‚Äî_
) Where were you when heir to the throne was. 2
murdered?

640 likes
> | hate you

Alike W
p How did you go from being the most liked

character and became the worst character in
GOT history @

Man | hope someone jumps this guy

ay

_ Ses mY

i | hate you criston 2)

A
fay

Comments on this post have been limited. ] √© ‚Äú

",577,-0.0667857142857143,0.5960714285714286,anger,love
Best of both worlds,19,https://i.redd.it/pfvv5h8zpz8d1.jpeg,Coralthesequel,197136.0,12983.0,1518.0,5.0,0.0,2024-06-26 22:13:53,"Shout out to

Slice of life stories set in fantasy worlds

PARERS.

ALERSt.

",77,0.0,0.0,joy,joy
Sharing a drink with your old man... One of the best feelings in the world.,75,https://i.redd.it/6gd9gsakpz8d1.jpeg,RyanCreamer202,77544.0,57568.0,1388.0,43.0,15.0,2024-06-26 22:11:24,"YOULL
WORKING HARD WITH
VOUR OLD MANS

JHE'SMILES)
ATYOUAND ‚Äô
SAYS}TOGETTWO! ry

7
et
",86,-0.0833333333333333,0.3708333333333333,joy,joy
The cycle never stops lol,25,https://i.redd.it/vwavqiphpz8d1.jpeg,Purpledratini,10607.0,3224.0,45.0,20.0,1.0,2024-06-26 22:10:59,"Not drink
for a few week:

for a few weeks.
",44,-0.2,0.1,anger,anger
Who keeps coming up with these man-made horrors and thinking they're a good idea?,81,https://i.redd.it/gqlwk9ilnz8d1.jpeg,KarlosGeek,81169.0,76814.0,1966.0,89.0,10.0,2024-06-26 22:01:26,"Know the robot rules APPROPRIATE

",34,0.5,0.5,joy,joy
Mmm pain,8,https://i.redd.it/9n2tuz9fnz8d1.jpeg,wayward_vampire,9500.0,746.0,724.0,42.0,1.0,2024-06-26 21:59:24,"WHEN GET THES GHOST/GIVING
VOU M Ma eT LOBOTOMVE HEAD ACRE

",60,0.0,0.0,joy,anger
All Day Every Day,17,https://i.redd.it/l6dyhvu1nz8d1.jpeg,serial-hobbyist52,321.0,157.0,292.0,29.0,0.0,2024-06-26 21:57:21,"t

tt

anaee awed
ounegus %

Pl Pe
aaheves bidavea
Swavnag my
. eeSuwee

eunae

biiiaae *,¬∞ fenuneg

ee. 4 ¬© Heeee
ph eit ie Ne eg ‚Äú)

*
acsuunt aauee

geresog eas ae

at e eaghoe
init.
*

‚Äúcc
gt biskies
% 8

"" ¬´
eaoan

ee
~

",226,0.0,0.0,joy,joy
It ain't easy being whiteee,27,https://i.redd.it/0ta8p0i8iz8d1.jpeg,wombatador,128217.0,5229.0,3661.0,24.0,1.0,2024-06-26 21:33:51,,3,0.0,0.0,joy,none
Wtf is wrong on germany?,24,https://i.redd.it/8qambw4oiz8d1.jpeg,Th3D0ct0rWh0,7526.0,3119.0,1910.0,0.0,7.0,2024-06-26 21:32:46,"Mom, canwehave Dickbutt 2?

p)

No. There is At

At home:

",59,0.0,0.0,anger,anger
Close the door mom,18,https://i.redd.it/ag178l6jbz8d1.jpeg,Feeling-Salamander88,12404.0,984.0,628.0,57.0,5.0,2024-06-26 20:52:46,"Sitting in my bedroom with door
open be like

",46,0.0,0.5,anger,anger
No in between ,14,https://i.redd.it/r1gt702caz8d1.jpeg,alpaca-the-llama,111004.0,16116.0,1953.0,71.0,10.0,2024-06-26 20:46:02,"inge-brain rot/ Grooming

Crypto! Scalnl childr√©n/spousal
content abuse
Fal) \Daa os

made with memati‚Ç¨
",104,0.0,0.0,anger,sadness
New Doc album just dropped.,27,https://i.redd.it/n78mgu419z8d1.png,PinchCactus,2026.0,206.0,1212.0,14.0,1.0,2024-06-26 20:39:41,"CARELESS WHISPER ‚Äúh

I 4 Featuring Guy Beahm is
",48,-0.5,0.9,sadness,anger
I'm no vegan to touch grass.,28,https://i.redd.it/ocgwa7808z8d1.jpeg,Detterius,129789.0,7686.0,410.0,91.0,7.0,2024-06-26 20:34:38,"Teachers / parents: You should
go out more, hang out with your
friends, go fishing, just spend
more time outside.

Me for tee summer:

",135,0.3333333333333333,0.35,joy,joy
"My entire feed rn, can't you guys talk about anything else.",59,https://i.redd.it/w9i2rbbk2z8d1.jpeg,rorikenL,35330.0,20565.0,1718.0,97.0,39.0,2024-06-26 20:02:30,"made with nematic
",18,0.0,0.0,anger,joy
Kaboom? ,8,https://i.redd.it/tbngksz82z8d1.jpeg,Morty_Pope,4056.0,2025.0,205.0,11.0,1.0,2024-06-26 20:00:44,"Me lights Firework shop on fire:
I guess you could Say...

Business is Booming

",80,0.0,0.0,anger,joy
This is getting stupid,22,https://i.redd.it/qgxze6hu1z8d1.jpeg,SameBackground3978,11828.0,6521.0,200.0,13.0,2.0,2024-06-26 19:58:29,"ma ‚Äò

‚Äò7
oe]

DRUNK DRIVER¬Æ ¬©
",30,-0.5,1.0,sadness,anger
They are really good in my opinion ,35,https://i.redd.it/r0jyl6msyy8d1.jpeg,akmats,1352.0,1079.0,38.0,0.0,5.0,2024-06-26 19:41:21,"iMOST(OR
YOUTUBE SHORTS

",25,0.0,0.0,joy,joy
It is almost over I promise,27,https://i.redd.it/dtzr88xfvy8d1.jpeg,Kinky_Nipplebear,32344.0,28224.0,826.0,0.0,0.0,2024-06-26 19:22:36,"Imagine you get Hawk Tuah‚Äòd

here.

",36,0.0,0.0,joy,joy
My autistic trait is that I don't understand economics,54,https://i.redd.it/nbyh560kuy8d1.jpeg,Autumn_225_,0.0,0.0,0.0,46.0,12.0,2024-06-26 19:17:59,"How | do in my finance,
business, and economics classes

",57,0.0,0.0,sadness,joy
But which one is saying it ,27,https://i.redd.it/jjlmfsqjuy8d1.jpeg,phunn101,8007.0,545.0,3510.0,0.0,1.0,2024-06-26 19:17:33,"before we get started, do
you do the hawk tuah

",48,0.0,0.0,anger,anger
They are taking the hobbits to yabba dabba doo!,47,https://i.redd.it/nizdc8fsty8d1.jpeg,oranke_dino,737657.0,50434.0,1006.0,41.0,3.0,2024-06-26 19:13:19,,3,0.0,0.0,anger,none
MS Dos Rom Hack When?,21,https://i.redd.it/yy5cbzbaty8d1.jpeg,Flashlight237,91519.0,8228.0,3524.0,23.0,3.0,2024-06-26 19:11:35,"Oregon Trail but Gen Alpha:
",28,0.0,0.0,fear,fear
Am I the only one?,18,https://i.redd.it/rrkhev9wsy8d1.jpeg,Littlekiller0320,39478.0,17173.0,1940.0,80.0,11.0,2024-06-26 19:08:17,"Getting a sunburn

it starts to peel
",37,0.0,0.0,anger,anger
Actually happened with me but with a steam account,50,https://i.redd.it/cvj8thpgry8d1.jpeg,joseph-keen-1,8598.0,572.0,193.0,20.0,4.0,2024-06-26 19:00:15,"When you see a purchase on your card you
didn‚Äôt make

",54,0.0,0.0,anger,anger
So much faith to write a whole-ass essay on a 3-day-old post,60,https://i.redd.it/366s4hfaoy8d1.png,No_Bank,13900.0,6273.0,2252.0,24.0,8.0,2024-06-26 18:43:00,,3,0.0,0.0,anger,none
Summertime rules,16,https://i.redd.it/9k6xl9r9oy8d1.jpeg,AdBulky6016,9046.0,896.0,1247.0,38.0,2.0,2024-06-26 18:42:22,"7
Y, 7] ho
ate uN
IF YOU'RE GOING TO CHECK,
_ OUTAFEMALE'S CLEAVAGE OR BUTT

REMEMBER ITS LIKE LOOKING AT THE SUN...

) ee

",124,0.0,0.0,joy,joy
Comfortable,11,https://i.redd.it/ahprez5pmy8d1.png,MavTheDuck,1994.0,155.0,118.0,33.0,4.0,2024-06-26 18:33:46,,3,0.0,0.0,joy,none
There's Always Two Types Of Fans,32,https://i.redd.it/i556utaeky8d1.jpeg,Unable-Difference-55,27365.0,11287.0,841.0,5.0,2.0,2024-06-26 18:20:39,"sun

4 in with laser swords.
",29,0.0,0.0,anger,anger
"I mean, how can you cook when you're always out?",48,https://i.redd.it/vkyqde28dy8d1.jpeg,Yakuza-wolf_kiwami,123690.0,70188.0,1365.0,32.0,5.0,2024-06-26 17:40:27,"Just cook something yourself
instead of going out to eat

Can you cook on the go?

",83,0.0,0.0,joy,anger
Never Meet Your Heroes,22,https://i.redd.it/jns13lxrcy8d1.png,GavinJWhite,2915.0,765.0,2420.0,17.0,1.0,2024-06-26 17:38:34,,3,0.0,0.0,joy,none
Campfire Cooking in Another World With My Absurd Skill,54,https://i.redd.it/1azeg98a6y8d1.png,saddom_,37214.0,20319.0,1975.0,33.0,2.0,2024-06-26 17:02:51,"Fantasy,
‚Äòanime acenent

",25,0.0,0.0,anger,joy
In its name we pray,19,https://i.redd.it/dwgqcw3wwx8d1.jpeg,Daetok_Lochannis,62291.0,56964.0,703.0,54.0,3.0,2024-06-26 16:08:54,"In nomine
Aonstrum et Filii
ipiritus Sancti

",45,0.0,0.0,joy,anger
Stop yelling at me!,19,https://i.redd.it/xg7acxmpux8d1.jpeg,Stupid_Reddit419,27499.0,6099.0,496.0,46.0,1.0,2024-06-26 15:56:41,,3,0.0,0.0,anger,none
i wonder what happened to me,28,https://i.redd.it/cqmz3ttgtx8d1.jpeg,i_was_pizza,2947.0,154.0,70.0,11.0,0.0,2024-06-26 15:49:45,"DNSSTEACHERS PRAISE ME AND SAY (<=
WILL ACHIEVE GREAT THINGS IN THE FUTURE

2024""

",83,0.4,0.4375,fear,joy
"Not my hours of traffic going down, I can't take this anymore",61,https://i.redd.it/4yp9c64zqx8d1.jpeg,mcfapblanc,21218.0,15645.0,1439.0,2.0,1.0,2024-06-26 15:35:47,,3,0.0,0.0,anger,none
NO WAY üò≥,8,https://i.redd.it/4h423nd1ox8d1.jpeg,KadzYT,62557.0,3408.0,1899.0,24.0,2.0,2024-06-26 15:19:19,"legit apple leaks @ @lea! t-1
iPhone 16 will be able to send text messages

< /

",81,0.5,0.625,anger,fear
i cant dance:(,14,https://i.redd.it/d2bfqdeolx8d1.jpeg,SameBackground3978,11828.0,6521.0,200.0,35.0,14.0,2024-06-26 15:08:00,"Tiktok

",8,0.0,0.0,joy,anger
Always look at the bright side of life ,39,https://i.redd.it/w6ouh2lt7x8d1.jpeg,93devil,92298.0,74754.0,3644.0,21.0,0.0,2024-06-26 13:48:25,,3,0.0,0.0,joy,none
Daily Nichijou meme #2265,25,https://i.redd.it/cpf2bfl17x8d1.jpeg,Holofan4life,12750271.0,334889.0,2760.0,5.0,1.0,2024-06-26 13:44:01,"FDA: *Warns Bimbo Bakeries USA not to
claim foods contain allergens when they
don't¬Æ

Those parents who supervise their children
on everything they do:

",153,0.0,0.0,anger,anger
I'm sure it's just tue developers gave them a copy early but still tuese guys are fast,86,https://i.redd.it/srppt94k3x8d1.jpeg,ibnugamingyt12,84132.0,16307.0,1432.0,72.0,6.0,2024-06-26 13:24:30,,3,0.0,0.0,joy,none
"""Don't do it"" does it anyway",28,https://i.redd.it/zfaj98983x8d1.jpeg,arnecrafter,37525.0,17228.0,1633.0,47.0,6.0,2024-06-26 13:22:48,"made with mematic
",18,0.0,0.0,anger,joy
I'm don't have any fucks left to give.,38,https://i.redd.it/ctelym8vzw8d1.jpeg,arnecrafter,37525.0,17228.0,1633.0,21.0,39.0,2024-06-26 13:03:57,"When everyone is getting fucks but
nobody gives one to you. (Noone gives a
fuck about you

made with mematic
",109,-0.4,0.6,anger,anger
The real people to envy,23,https://i.redd.it/yqqadg9oxw8d1.jpeg,TheApollo222,82185.0,47723.0,244.0,90.0,5.0,2024-06-26 12:51:30,"BUT HE PROBABLY

MAN T WISH I WAS
WISHES HE WAS. MORE

MORE LIKE THAT

, a
Fue 2 <4 o-. 7

'M ESPECIALLY GLAD
'M NOT THAT GUY

ie)

",132,0.6666666666666666,0.6666666666666666,anger,joy
Typosquatting websites are the worst,36,https://i.redd.it/k17cwvxusw8d1.jpeg,username09876567890,7539.0,1699.0,1576.0,90.0,13.0,2024-06-26 12:24:38,"youtube.com outube.com

",24,0.0,0.0,sadness,joy
Tomato soup,11,https://i.redd.it/ffvxa40wjw8d1.png,Noriel_Sylvire,5962.0,4239.0,2294.0,39.0,2.0,2024-06-26 11:34:15,"gorodo it anygoromore
",22,0.0,0.0,anger,joy
If i was a bad b*tch I‚Äôd wanna f..k me too,42,https://i.redd.it/ve1m9p16jw8d1.jpeg,fvck_society,28087.0,4700.0,412.0,51.0,3.0,2024-06-26 11:30:12,"When i‚Äòm having a bad day but

then | see my own reflection
(At least i‚Äòm handsome)

",85,0.025,0.7666666666666666,anger,joy
I spit in your general direction,32,https://i.redd.it/7gmtfy39iw8d1.png,PinguFella,39909.0,7714.0,135.0,0.0,33.0,2024-06-26 11:25:22,"You know that meme is overused guys
Most of the memes are just meta anyway
Should probably give it a rest.

QUT HAyTy,

ease

",126,0.5,0.5,anger,sadness
Mission: Survive,16,https://i.redd.it/yntazdgxdw8d1.jpeg,username09876567890,7539.0,1699.0,1576.0,37.0,1.0,2024-06-26 11:00:54,"Me when I'm in the bathtub but then see
a wasp flying out of nowhere

=| must get out of here as quick as
7 RQSsible

mematic

",127,0.3333333333333333,0.5,joy,joy
Nerd moment,11,https://i.redd.it/m7tg1bg08w8d1.jpeg,Flaviphone,316272.0,47263.0,906.0,75.0,3.0,2024-06-26 10:27:41,"how | feel after writing a 10+ page essay for school
on my countries history from the bronze age to modern
day(the teacher will never read it all but it was fun)

",163,0.25,0.25,anger,joy
"
The other person never arrived in 5 minutes xD
",48,https://i.redd.it/nkq4c165xv8d1.png,alexapaul11,4178.0,284.0,324.0,95.0,8.0,2024-06-26 09:26:48,"Hey, |‚Äôll be there in 5, you ready?
Me:

",41,0.2,0.5,fear,joy
Spit on that thang,18,https://i.redd.it/l8k1p5hetv8d1.jpeg,Xilbert0,21937.0,5394.0,599.0,0.0,13.0,2024-06-26 09:05:46,,3,0.0,0.0,anger,none
me showing my mom affection be like,35,https://i.redd.it/zk29jp2pav8d1.jpeg,Rat_King_Supremacy,5322.0,1745.0,225.0,17.0,1.0,2024-06-26 07:20:56,"i receive: you receive:
_‚Äî
mac n cheese rocks

made with mematic
",65,0.0,0.0,love,joy
Delivery food order,19,https://i.redd.it/7obdjzfguu8d1.jpeg,Starynight_11,255923.0,745.0,1565.0,64.0,7.0,2024-06-26 05:49:56,"Meanwhile the
delivery company:
Food - $15
> Discount - $10
Delivery charge - $7
Service fee - $5
Tip - $5
Tax - $2
Total - $29

Me: I get $10 off

on delivery )
order! Great y

",178,0.4,0.75,anger,joy
Sounds about right?,19,https://i.redd.it/ga3mge79qu8d1.jpeg,QuantumContactee,255.0,104.0,309.0,23.0,9.0,2024-06-26 05:26:36,"wws:
SURPRISE

",15,0.0,0.0,joy,joy
Hawk thua be like ,18,https://i.redd.it/v581as1snu8d1.jpeg,Captain_Chaos12,12749.0,10737.0,383.0,0.0,11.0,2024-06-26 05:12:29,"When she does hawk thua but you didn't
even ask for it

gettyimages
Credit: CBS Photo Archived

",96,0.0,0.0,joy,joy
Like every single time,22,https://i.redd.it/xex7x8ppnu8d1.jpeg,SteeeeveJune,8282.0,499.0,370.0,5.0,2.0,2024-06-26 05:12:08,"These people who cry about it when someone
uses Al be like:

",61,0.0,0.0,anger,anger
"Why, why, why, why???? Who are you helping?",43,https://i.redd.it/usz219bjnu8d1.png,cross-boss,11698.0,2753.0,71.0,89.0,10.0,2024-06-26 05:11:29,,3,0.0,0.0,joy,none
Squidward,9,https://i.redd.it/18638vrchu8d1.jpeg,Algien_nosequien,2339.0,673.0,282.0,36.0,5.0,2024-06-26 04:36:44,"when I‚Äôm in a
selling weapons to mexican cartels
competition and my
opponent is HeckleraKoch

st
>

‚Äú_
Y-
",106,0.0,0.0,anger,anger
Reminds of that brief period the internet was nothing but Fast and Furious family memes,87,https://i.redd.it/szx6ypoadu8d1.jpeg,Coffin_Builder,32250.0,4058.0,110.0,44.0,11.0,2024-06-26 04:13:44,"Internet:
HAWKTUAHHAWKTUAHHAWKTUAHHA
WKTUAHHAWKTUAHAWKTUAHAWKT
UAHAWKTUAHAWKTUAHAWKTUAH

.
Made withimemauc
",108,0.0,0.0,anger,joy
I‚Äôll do it when I do it,23,https://i.redd.it/j85m3ox7du8d1.jpeg,yinyanghapa,29749.0,23765.0,2353.0,20.0,5.0,2024-06-26 04:13:18,,3,0.0,0.0,joy,none
Is this true?,13,https://i.redd.it/ryi0hro4du8d1.jpeg,Critical-Kangaroo-17,6756.0,551.0,271.0,0.0,6.0,2024-06-26 04:12:47,,3,0.0,0.0,joy,none
Horseball sounds better than polo,33,https://i.redd.it/na925ehu2u8d1.jpeg,ShrimpSherbet,22505.0,19602.0,243.0,41.0,4.0,2024-06-26 03:15:10,,3,0.0,0.0,joy,none
"Yup, 2027 is going to be wild ",30,https://i.redd.it/humfvqe9vt8d1.jpeg,bountyhunterfromhell,614151.0,22369.0,1762.0,51.0,5.0,2024-06-26 02:32:38,"NEWS IN 2024 BE LIKE:
CLIMATE CHANGE WILL BE MORE SEVERE IN 2029

a
7 eS
fm)
> |
cw

py
( )
AllTheRageFxees.corn
",113,0.5,0.5,joy,sadness
3 years in the making...,24,https://i.redd.it/7l2reaf0mt8d1.jpeg,sussybaka1010,5315.0,2604.0,972.0,23.0,2.0,2024-06-26 01:40:47,,3,0.0,0.0,joy,none
Post Nut Clarity,16,https://i.redd.it/ysvfiotmlt8d1.jpeg,ronsvanson,73921.0,3826.0,1269.0,26.0,1.0,2024-06-26 01:38:42,"Always has been

",17,0.0,0.0,joy,joy
"Gone, reduced to texts",22,https://i.redd.it/mijph34pjt8d1.png,PrestigiousSystem713,1391.0,439.0,90.0,31.0,1.0,2024-06-26 01:29:58,"The friend group after graduating be like:

",44,0.0,0.0,sadness,joy
"So hard to find something that fits, why is this so difficult",61,https://i.redd.it/c1xwi9rvjt8d1.jpeg,Waitingforlunch,118527.0,1728.0,2713.0,67.0,7.0,2024-06-26 01:29:27,"Shopping for furniture but

hating everything you find

",56,0.0,0.0,sadness,anger
I remember hearing it Hela much‚Ä¶,32,https://i.redd.it/mi1d5mkoht8d1.jpeg,Ninja_Conspicuousi,44511.0,30313.0,2360.0,17.0,2.0,2024-06-26 01:16:31,"The Northmen Say...

The goddess of death will return in
2025 because northern Californians will
keep invoking her name every other
sentence in the 1990s

",155,-0.125,0.375,joy,joy
They are the same.,18,https://i.redd.it/nirpud3fgt8d1.jpeg,EarthNorabodee,3138.0,384.0,509.0,27.0,2.0,2024-06-26 01:09:30,"Corporate needs you to find the differences
between this picture and this picture.

",84,0.0,0.0,joy,anger
Stupid El Ni√±o winter,21,https://i.redd.it/z2c2vs299t8d1.jpeg,MildlyCross-eyed,29211.0,21393.0,435.0,45.0,7.0,2024-06-26 00:29:16,"MEAFTER THES
FUCKING TORNADO THIS WEEK

4

YT
|_|
",50,-0.6,0.8,sadness,anger
"Every time I had cereal as a kid, I was a sweet boy.",52,https://i.redd.it/vjbk0to29t8d1.jpeg,HCJohnson,652951.0,352689.0,3898.0,35.0,8.0,2024-06-26 00:28:59,"YOUIKNOW WHAT WOULD. MAKE
ISICEREAL EVEN|BETTER?
",49,0.0,0.0,joy,joy
It was a hell of a level,24,https://i.redd.it/8qmbyqjf4t8d1.jpeg,RayquazaAndDeoxysFan,17048.0,1758.0,58.0,18.0,1.0,2024-06-26 00:02:22,"How it feels to beat Labyrinth
Zone in Sonic the Hedgehog 1

",61,0.0,0.0,anger,joy
Did something cause this,24,https://i.redd.it/kovtt6yx3t8d1.png,DWYNZ,46294.0,10562.0,1329.0,24.0,6.0,2024-06-25 23:59:39," Funironic am
goon: memes
i ‚Äô r
; | 9
",38,0.0,0.0,anger,anger
Intellecc,9,https://i.redd.it/we1buv8izs8d1.jpeg,username09876567890,7539.0,1699.0,1576.0,51.0,0.0,2024-06-25 23:34:41,"11-year-old me scoring 130 on
some random online IQ test

' ‚ÄúMaybe lama genius *

made with mematic
",100,-0.5,0.5,joy,joy
Why does no one listen to Depeche anymore?,42,https://i.redd.it/udundtievs8d1.jpeg,Master_Combinator,22668.0,1047.0,1836.0,27.0,5.0,2024-06-25 23:11:40,"Average redditor knowledge about girls:

",41,-0.15,0.3999999999999999,anger,joy
Me when I see them aliens,25,https://i.redd.it/reycouj2vs8d1.jpeg,djheroboy,9112.0,7031.0,1985.0,49.0,1.0,2024-06-25 23:09:48,"4

UPPIES
",10,0.0,0.0,anger,anger
That's the anthem get'cha damn hands up!,40,https://i.redd.it/ohe3jsd8qs8d1.jpeg,Yorgonemarsonb,22779.0,22552.0,713.0,0.0,0.0,2024-06-25 22:42:57,"WHITE PEOPLE WHENIT

a

HEY/FIND OUT;

WHAT)THELYRICS|T0)1270(H/ OVA) MEAN
",75,-0.15625,0.34375,anger,anger
AI: Must make paperclips!!,26,https://i.redd.it/d53py7d0ms8d1.png,NefariousnessFit9350,19511.0,8297.0,503.0,23.0,4.0,2024-06-25 22:19:24,"Paperclip maximizer

‚ÄòThe paperclip maximizeris a 0 0 o Itlustates the
that an ‚Äòmay pose to human beings were ito be su pursue even seemingly
hharmiless goals and the necessity of incorporating into design. The scenario describes an
an th manufacturing Ht euch a m jogrammed to value human ie,
siven enough power over its environment, i would tr to turn all matter inthe universe, including human beings, info paperclips or
‚Äòmachines that manufacture further paperclps

Suppose we have an Al whose only goals to maki
be much beter i there were no humans because humans might decide to switch it of. Because if humans do so, ther
would be fewer paper clips. Also, human bodies contain a lt of atoms that could be made info paper clips. The future that
the Al would be trying to gear towards would be one in which there were alot of paper clips but no humans

Jjostrom emphasized that he does not believe the paperclip maximizer scenario per se will occur; rather, he intends to illustrate the
dangers of creating ‚Äòmachines without knowing how to program them to eliminate existential risk to human beings

sately.‚Äù The paperctip maximizer example ilustrates the broad problem of managing powerful systems that lack human valu

The thought experiment has been used as a symbol of Alin

My goals are beyond your understanding.
",1324,0.0432692307692307,0.3259615384615384,anger,joy
An ancient relic from my childhood ,35,https://i.redd.it/l9jh2q2qks8d1.jpeg,RyanCreamer202,77544.0,57568.0,1388.0,86.0,10.0,2024-06-25 22:12:16,"watching
the new
asdimovie that
4 just dropped

",48,0.1363636363636363,0.4545454545454545,joy,sadness
If only. ,9,https://i.redd.it/jc29d7zcjs8d1.jpeg,send_me_a_quarter,23458.0,3719.0,1513.0,40.0,1.0,2024-06-25 22:04:10,"HOW DO WE KNOW IF THEY'RE dont: know! whiat youte

problem is, they our already

ACTUALLY DEAD OR JUST PRETENDING Bm
\@ B 4 ) 4 f& 4

| a im | fi m
zy J Bo Gfig=

ae?, 7,- ODea=

Speak lhada
English (anim stroke, wee
< = = = trying to Lh
yy read that. @ tad
ot ‚Äî i The American =
school system
_ Itls your fa

failed you oO
oq =
",329,-0.175,0.175,joy,sadness
Childhood was smthn else,24,https://i.redd.it/8yx2zpc9as8d1.jpeg,GHOSTGAMER0017,2380.0,441.0,1521.0,4.0,2.0,2024-06-25 21:13:10,"How me and the boys felt as kids after
saying ""here"" instead of ""present, miss""
during attendance

made with mematic |
",119,0.0,0.0,anger,joy
Does this happen to anyone else? Or am I the main character?,60,https://i.redd.it/x28l3ixh9s8d1.jpeg,NazDalmighty,1996.0,1014.0,2347.0,51.0,11.0,2024-06-25 21:09:17,"WHEN I‚ÄôM NOT IN A RUSH

WHEN | AM IN A RUSH

",45,0.0,0.0,anger,anger
Spit in that thang.,19,https://i.redd.it/ik1tx6al5s8d1.jpeg,Grathmaul,11162.0,10813.0,1043.0,0.0,13.0,2024-06-25 20:46:58,,3,0.0,0.0,anger,none
Probably a minorrrrr,20,https://i.redd.it/24yfx2ts2s8d1.png,Public-Sympathy-4924,3325.0,770.0,193.0,0.0,1.0,2024-06-25 20:31:21,,3,0.0,0.0,fear,none
Time for an all-nighter ig,26,https://i.redd.it/0mtr86gl2s8d1.jpeg,username09876567890,7539.0,1699.0,1576.0,46.0,1.0,2024-06-25 20:30:11,"Me who spent the last 10 hours
doomscrolling Reddit, browsing Google
Earth, and other completely irrelevant
stuff instead of working on a report due
the next day

That was a problem for future me,
and now | am future me, \ ‚Äî

made with mematic a 1 :

",251,-0.10625,0.2708333333333333,anger,anger
One for the UK members,22,https://i.redd.it/s7ddn1th2s8d1.jpeg,JamesFrankland,1648.0,407.0,164.0,25.0,4.0,2024-06-25 20:29:37,"7

: q) :
my ...1

the! NY |

centre | tripped and fellinto¬Æ Bags
something called a Coralgaiiai

bookmakers, where in.my, confusions!
placed several

i
(Generallelecti

the

fomitie date‚Äôof
ion.‚Äù

lil
Za

ad
",209,0.0,0.0,anger,fear
It doesn't look like witch's stew anymore!,42,https://i.redd.it/u6p862lvsr8d1.png,PeopleAreBozos,181060.0,130454.0,999.0,35.0,1.0,2024-06-25 19:36:05,"ASMR home cooking channels when mixing
together random ingredients finally gets
something that looks like thumbnail material
instead of disgusting slop:

",154,-0.5,0.8333333333333334,anger,anger
It's that time again,20,https://i.redd.it/vlj2aip8rr8d1.jpeg,shrimpster102,3861.0,2248.0,1830.0,65.0,2.0,2024-06-25 19:26:33,"REMEMBER. WHEN.YOU;COULD
MAKE CAKE DAVIMEMES

",46,0.0,0.0,anger,joy
This is why movies have to make twice their budget back(Furiosa),64,https://i.redd.it/dlbgemjzqr8d1.jpeg,Cool-Dog-49,6508.0,587.0,1349.0,14.0,0.0,2024-06-25 19:25:12,,3,0.0,0.0,anger,none
We all know someone,19,https://i.redd.it/62igv1pumr8d1.jpeg,lucadoo,4750.0,348.0,1546.0,9.0,2.0,2024-06-25 19:01:57,"Me watching bro as he absolutely fumbles a BTGG

",49,0.2,0.9,joy,anger
Shame on him,12,https://i.redd.it/m6dh6uakhr8d1.jpeg,oO1warrior1Oo,2095.0,553.0,22.0,23.0,2.0,2024-06-25 18:32:18,"REPORTEDLY FORGOT
T0 wear a suit to Despicable Me 4

made with mematic We
",74,0.0,0.0,sadness,anger
How do they do it?,18,https://i.redd.it/bs1t2eopfr8d1.jpeg,Alternative_Mode9972,8073.0,4766.0,1043.0,93.0,1.0,2024-06-25 18:21:56,"{THE MANAGER AFTER}
CALMING/DOWN A)

imgfiip.com.
",50,0.0,0.0,anger,joy
Aaw heil yea...this is what I've always dreamed of...***Furiosa spoiler***,74,https://i.redd.it/d8estheqdr8d1.jpeg,TheZephyr2003,28941.0,1509.0,1053.0,0.0,0.0,2024-06-25 18:10:51,"N
‚Äú\a

Maggots debriding
his necrotic flesh

",45,0.0,0.0,joy,fear
Currently my state,18,https://i.redd.it/u2j18grg9r8d1.jpeg,danielskibelski,27703.0,4539.0,1556.0,35.0,12.0,2024-06-25 17:46:54,"When the tattoo
starts itching

",32,0.0,0.0,anger,fear
Spit on those thangs,20,https://i.redd.it/ri2ty48u7r8d1.jpeg,Remarkable-Book-8758,20849.0,17596.0,1027.0,0.0,5.0,2024-06-25 17:37:48,"es TT)

i ;

‚Äòtr
a

ne oA eam. |
1 ,

Hey, how do you weep
& these glasses so clean?
",85,0.3666666666666667,0.7000000000000001,anger,joy
Wikipedia articles differ,25,https://i.redd.it/wpghfjba5r8d1.jpeg,Stfvrn,2635.0,375.0,576.0,31.0,6.0,2024-06-25 17:23:30,"Virgin English Wikipedia Chad German Wikipedia
article about human races article about ""Racial Theories""

_# , but are now,considered
categorizgfion yn outdated and scientifically

no longer sustainable""
",204,-0.1,0.1833333333333333,anger,sadness
They target me ,15,https://i.redd.it/qdwpmpx44r8d1.jpeg,FourthBedrock,4994.0,2781.0,67.0,40.0,0.0,2024-06-25 17:17:03,"TS PRETUIE
ra

A

LM GOING)TO
TURN UPSTHE, VOLUME

NEVER AGAIN.
",64,0.0,0.0,anger,anger
Leave the Mouse alone.,22,https://i.redd.it/lmpfbbem3r8d1.jpeg,MousegetstheCheese,16616.0,11690.0,56.0,33.0,7.0,2024-06-25 17:14:10,"im sick anckifizac of this

ae Mousefslander

sven, 11998, Disney o1 > ‚Äòessfully
lobbied long With ot! inment
7 GOme@anissioext ciety. catia
| ie ‚Äòiw to life of the author &
95 year

‚Äî

Myo AS AN ane Disne sygreed
Vault f y g

Menotthemmastenmingibelimaits

",258,-0.3883928571428571,0.6285714285714286,anger,anger
I'm every time,14,https://i.redd.it/uc88lztp0r8d1.png,ValeryBabeOF,1555.0,1008.0,33.0,46.0,1.0,2024-06-25 16:57:56,"your face when you weren't listening to what the
other person was saying and he asked a question

",98,-0.125,0.375,anger,anger
dry meme alert,14,https://i.redd.it/zjezdy13uq8d1.png,Ryuk_90,5088.0,2020.0,448.0,12.0,7.0,2024-06-25 16:21:02,"Old phones New phones

| can survive a | dropped 3 inches
10-foot drop on concrete and my screen shattered

",108,0.1287878787878787,0.3181818181818182,anger,sadness
(direct quote)üíÄüíÄüíÄüíÄüíÄ,19,https://i.redd.it/25zbwi0eqq8d1.png,The_VeryCoolsusDude,13800.0,843.0,1164.0,29.0,4.0,2024-06-25 16:04:21,"when I‚Äôm in a quoting

competition and my
ich is short room oater

",67,0.0,0.3,anger,anger
"When the TikTok is staged, but you still laughing:",50,https://i.redd.it/ur2zeo2voq8d1.jpeg,Z0idberg_MD,898518.0,882102.0,4564.0,4.0,0.0,2024-06-25 15:51:31,,3,0.0,0.0,anger,none
The people who are comming for the programmers' jobs!,53,https://i.redd.it/4dlnz7ycoq8d1.png,Severin_Suveren,126103.0,94897.0,539.0,6.0,0.0,2024-06-25 15:48:50,"SYSTEM_PROMPT = """""" you'RE A 1000 BCE EGYPTIAN
SLAVE WHO IS BEING FORCED TO WORK AS A SPECIALIST

PYTHON FASTAPI FULLSTACK CONSULTANT ...

",139,-0.3,0.2,anger,sadness
My personal progression in meme making,38,https://i.redd.it/kh9sqctsjq8d1.jpeg,3Nephi11_6-11,28717.0,18628.0,969.0,18.0,1.0,2024-06-25 15:24:40,"MAKELOTS;
OF MEMES HOPING

ATLEAST,
ONEWILUBE FUNNY;

MAKEFUN,
OFYOURBAD
MEMES WITH

[MAKE ANEW. =

10 BEING MADE
",114,0.25,1.0,joy,surprise
Daily Nichijou meme #2264,25,https://i.redd.it/piv6dnmdeq8d1.jpeg,Holofan4life,12750271.0,334889.0,2760.0,18.0,0.0,2024-06-25 14:52:39,"Florida Panthers: *Beats the Edmonton
Oilers to win The Stanley Cup*

People like me, who were hoping that
Edmonton could come from behind after

losing the first three games:

",177,0.2166666666666666,0.4777777777777778,anger,joy
I Need The Cactus !!!!,22,https://i.redd.it/et33vnag9q8d1.jpeg,IMDAVESBUD,53204.0,27461.0,1135.0,11.0,8.0,2024-06-25 14:25:03,"‚Äòidon't understand why
would theysjghostme with
noyexplanation‚Äù

I do... ‚Äî>
your house i

¬ß looks like this: Rego =m

4
L
",122,0.0,0.0,anger,joy
The app can't just let you use the old version for 5 seconds?,61,https://i.redd.it/nbe47el63q8d1.jpeg,MattapoisettPatton27,54619.0,10332.0,1032.0,40.0,2.0,2024-06-25 13:49:57,"Reaching
the end of
the
Starbucks
line

Reaching
the end of
the
Starbucks

line

OO
The
mobile

",96,0.0,0.0,anger,joy
"Farming and grinding games are very good with this, and single player games where finishing a collection or side quest gives you a small reward. ",145,https://i.redd.it/17m54b3axp8d1.jpeg,JohannesJoshua,76849.0,62780.0,678.0,23.0,3.0,2024-06-25 13:19:31,,3,0.0,0.0,joy,none
"Metre, Meter i dunno anymore",28,https://i.redd.it/ywpy6s8nsp8d1.png,AlfaBabo,2927.0,2796.0,1320.0,80.0,7.0,2024-06-25 12:51:22,"The metre was originally
defined in 1791 by the
French National Assembly as
one ten-millionth of the

",102,0.1875,0.375,anger,joy
I am batman,11,https://i.redd.it/6j0runpjpp8d1.jpeg,Feeling-Salamander88,12404.0,984.0,628.0,57.0,3.0,2024-06-25 12:33:31,"character after a movie.

@

12-year-old me acting like the main
",65,0.0833333333333333,0.1666666666666666,anger,joy
I'm seeing double! Four Towers!,31,https://i.redd.it/rnukfxoqkp8d1.png,MurkyWay,3393700.0,155082.0,3468.0,16.0,3.0,2024-06-25 12:07:02,,3,0.0,0.0,joy,none
"""The plush was canceled for being to sexy, and there has been a great effort to find it... no progress has been made in the search for 12 years"" *que forensic files theme*",171,https://i.redd.it/9ybh1viiip8d1.jpeg,Spookinoot,88421.0,35496.0,223.0,37.0,0.0,2024-06-25 11:54:04,"True Crime Youtubers
talking about a deranged
doctor who preformed at
least 17 non-consensual
lobotomies before
brutally murdering the
victims

Lost Media
youtubers talkin
about a cancele
Big The Cat Plush

",207,-0.20625,0.5375,joy,anger
I'm really not sure if my taste just sucks,42,https://i.redd.it/heeeutdkgp8d1.jpeg,Lord_Detleff1,233389.0,162516.0,1053.0,54.0,11.0,2024-06-25 11:43:09,"made wi th ny
",14,0.0,0.0,joy,anger
Victorian persons encounter with a biblically accurate angel,60,https://i.redd.it/s4f6b85kep8d1.jpeg,supersologamer,9454.0,7953.0,1352.0,1.0,5.0,2024-06-25 11:31:54,"SBENOTARRAIDS

a

Shinai lem ementiy bapotig

[Meowntesy
Ti Tecan nnTaMkonsans tomo weMeneT DAM
Civ hire inibiokibimassmene dl
_ ee a ny ea
Tibi Mo brates wiemome-ameas
cme MWe camel anata Noone ieso
Tinta me herent mnccmsemoseIsinamcmoTEie
Prodi pt comOMnelNCOMMLENensiMECOMMEHeNnsi Nl VORVOUNMOUld ne Mmiannivyileases
",320,0.0,0.0,joy,anger
It do be like that these days.,30,https://i.redd.it/0dhpwqgh5p8d1.jpeg,FullAir4341,40999.0,32052.0,1319.0,71.0,2.0,2024-06-25 10:41:03,,3,0.0,0.0,joy,none
womb baby prefers,17,https://i.redd.it/ip4lpaxc3p8d1.png,groggmaestro,1603.0,978.0,237.0,54.0,11.0,2024-06-25 10:29:08,,3,0.0,0.0,anger,none
This is just hilarious ü§£ü§£ü§£,26,https://i.redd.it/mk9rwwkhvo8d1.jpeg,ZhangMooMoo,8863.0,2282.0,851.0,0.0,7.0,2024-06-25 09:45:00,"Tre AA SA, PHA Ben ok ee TL eae

ABERTRASBRA. MART MBIA ER

",60,0.5,0.5,joy,joy
Trell Mit,9,https://i.redd.it/ihg4myqbuo8d1.jpeg,Kelvin8R3ooo,59087.0,8921.0,1582.0,0.0,0.0,2024-06-25 09:38:31,"What happens when you take creatine

NRL
6h: @

He's back &

",61,0.0,0.0,anger,anger
Enjoy your next holiday in the heck.,36,https://i.redd.it/jmsn4bmhso8d1.jpeg,oranke_dino,737657.0,50434.0,1006.0,42.0,2.0,2024-06-25 09:28:12,,3,0.0,0.0,joy,none
look after yourself smh,23,https://i.redd.it/hzaouznfso8d1.jpeg,xrhiax,13036.0,9633.0,1587.0,38.0,3.0,2024-06-25 09:27:56,"anxiety girls wondering where their period is

like as if they actually ate a meal this month

V =E rh

.
a 9
7 yA
V=ar-h
Jsinxdx =‚Äîcosx + C La 0
i
, fee exc,
cos‚Äù x '
Ptgxdx = ‚ÄîIn|ens x| + | .
oo ' ¬ª
2x f= inka Ls ' Tae thx+¬¢=0
x sinx 2} i be
a(x#+‚Äîx+ =) =0
a f dx ‚ÄîFatetg? ' ‚Äî 3
xB a‚Äô?+x? @ PEE x42
ade with:mematic pom Tye | by BP ‚ÄîAac_

(x+‚Äî‚Äî)* ‚Äî - 0
",355,0.25,0.55,joy,fear
This is incredibly relatable whenever we accidentally walk in...,64,https://i.redd.it/3fbeykxrjo8d1.jpeg,spicytaii,614.0,114.0,1501.0,9.0,5.0,2024-06-25 08:40:26,"Seed

\
Me My Parents

t/ \)

Getting traumatizi

0

",53,0.0,0.0,fear,sadness
PCs are fine right? RIGHT?,26,https://i.redd.it/52vf59u3eo8d1.png,lordvader002,16276.0,9178.0,453.0,13.0,4.0,2024-06-25 08:07:37,". Microsoft vn tees to gain
√© ¬•""

",34,0.0,0.0,joy,joy
Every school does this,22,https://i.redd.it/rnes4k578o8d1.jpeg,Powerful-Cobbler1627,1889.0,434.0,210.0,20.0,2.0,2024-06-25 07:34:39,,3,0.0,0.0,anger,none
I love you too,14,https://i.redd.it/0tzgkn376o8d1.jpeg,GregosaurousRex,8369.0,3893.0,1206.0,0.0,7.0,2024-06-25 07:23:15,"Roses are red

Violets are blue
Nothing says | love you like a little

_,

¬Æ ""7
ty m/F-
= . 2‚Äô i
a
‚Äî ~

- ber ray
",114,0.078125,0.3,love,joy
Cuteness aggression,19,https://i.redd.it/5qept0f26o8d1.jpeg,SuperAlex25,484906.0,94412.0,1769.0,29.0,3.0,2024-06-25 07:22:31,"No one:
Me when I see my cat:

",31,0.0,0.0,joy,anger
Dog Meme,8,https://i.redd.it/z766ri7gtn8d1.jpeg,SkinHeavy824,3057.0,2085.0,1004.0,90.0,2.0,2024-06-25 06:11:49,"The therapy dog after I
finish telling it all of my problems

",62,0.0,0.0,anger,anger
This is after Antony Starr revealed people treats him like Homelander IRL lmao ,79,https://i.redd.it/l2b3tu68tn8d1.jpeg,Thundergod250,329853.0,134094.0,2141.0,66.0,7.0,2024-06-25 06:11:32,"PLAYING THE CHARACTER SO GOOD,
PEOPLE SHITS ON THEM IN REAL LIFE

",66,0.4499999999999999,0.45,anger,joy
MOVE!!!,7,https://i.redd.it/optbxvqysn8d1.png,FloxiRace,6780.0,3259.0,1416.0,17.0,6.0,2024-06-25 06:09:05,"Man Woman White Black

Poor Rich Asian stand on the
left side of the

escalator
",80,-0.0319444444444444,0.2972222222222222,anger,anger
Treaty of Tordesillas go brrr,29,https://i.redd.it/x89l71zxsn8d1.jpeg,SoullessMemenist,132765.0,847.0,1108.0,47.0,1.0,2024-06-25 06:08:58,"~ at /
gti ClalimiNG 79), 2, i Is
the ‚Äî as ‚Äò Spetin Wine gar

o / f
theimowmn

yr actual
y natives
",99,0.0,0.1,anger,joy
"Snakes like jazz, right?",24,https://i.redd.it/wwmvgay9in8d1.jpeg,DisIsDaeWae,6128.0,5500.0,995.0,27.0,1.0,2024-06-25 05:09:10,"ise ITWITH

SI SFSEUCKIN SNAKES |

_ MOTHERFUCKIN BASS
",55,-0.15,0.5,anger,anger
Do I hear five?,15,https://i.redd.it/86ltwwz99n8d1.jpeg,_CandidCynic_,94784.0,22941.0,401.0,7.0,0.0,2024-06-25 04:18:43,"Entrapta Sulma|

mocKe fe)

BSROTIUINE ge
",42,0.0,0.0,joy,anger
The ocean's rage is unrivaled ,30,https://i.redd.it/qp58zuyg4n8d1.png,666thSuprisedPikachu,505859.0,6755.0,1902.0,29.0,1.0,2024-06-25 03:51:47,"Oceans when they are filled with
loads of junk that pollutes them

but you try to travel underwater
via submarine anyway

",122,0.4,0.9,sadness,anger
Who's stanley,13,https://i.redd.it/6aderjut2n8d1.jpeg,Hotdog_spew,4806.0,709.0,88.0,0.0,3.0,2024-06-25 03:42:35,,3,0.0,0.0,anger,none
We are not same bro,19,https://i.redd.it/jfe8oeansm8d1.png,losing_minds,13489.0,11907.0,349.0,11.0,1.0,2024-06-25 02:45:47,"You Study Knot Theory

ry its |

ify, Knot;
ley earph nes gi
y : tangled
if ff x

f
‚Äò
",86,0.0,0.0,joy,fear
The Star Wars community at the moment‚Äî,38,https://i.redd.it/l1qyayk9sm8d1.jpeg,Alphycan424,37927.0,5164.0,1484.0,43.0,1.0,2024-06-25 02:43:23,"ay = i

Sirsa enemenene

‚ÄúACOWTES.
",35,0.0,0.0,anger,anger
What do you think ,18,https://i.redd.it/wagdemarqm8d1.jpeg,NewCartographer10,47891.0,1081.0,168.0,22.0,11.0,2024-06-25 02:34:58,"Incest in
other
Shows

|
@ incest in House of
i the Dragon

",60,-0.125,0.375,anger,anger
Swimming don't help,19,https://i.redd.it/37qjv7q7qm8d1.jpeg,Gambler_001,42212.0,14033.0,3238.0,16.0,1.0,2024-06-25 02:31:52,"THE BUG IN THE TOILET WHEN I START PEEING
",42,-0.0333333333333333,0.0,joy,fear
What more could ya want?,24,https://i.redd.it/zhdn2d4com8d1.jpeg,bigmanly1,119133.0,97431.0,2258.0,21.0,0.0,2024-06-25 02:21:22,"WANT YOU TO SHOW THIS

eens

DRIVE-THROUGH ‚Äî

THENIWE'RE DOING IT TWICE
",72,0.0,0.0,anger,anger
How it be i guess,17,https://i.redd.it/ax2mb0gimm8d1.jpeg,devil0o,284094.0,166565.0,1747.0,10.0,3.0,2024-06-25 02:11:08,,3,0.0,0.0,joy,none
"I‚Äôm not the only one who sees it, right?",40,https://i.redd.it/cdjmxrrekm8d1.jpeg,SNAILSLIVEONJUPITER,9858.0,5117.0,1447.0,22.0,18.0,2024-06-25 01:59:21,,3,0.0,0.0,anger,none
Don't let the handy guide of credit card do's and don'ts stop you. Be a rebel,77,https://i.redd.it/zcdelffqjm8d1.jpeg,hbe_bme,2286.0,1837.0,886.0,21.0,0.0,2024-06-25 01:56:23,"¬© DO use it to buy new sneakers
",32,0.1363636363636363,0.4545454545454545,anger,joy
No clue,7,https://i.redd.it/nbccv4hrhm8d1.jpeg,Nearby-Swimming-5103,7245.0,6994.0,1422.0,0.0,10.0,2024-06-25 01:44:32,"=r | DONT. KNOW.
WHAT HAWK TUAH IS

Pre

",41,0.0,0.0,anger,anger
shit be more moist than nikocado's ass in the summer ,53,https://i.redd.it/dtfd6371hm8d1.jpeg,the_anonymous_lee,36695.0,8599.0,65.0,87.0,13.0,2024-06-25 01:40:25,"the chik-fil-a sandwich

in the bag when they
give it to you

2 √©e
ee a
+99 ""6 ne
LSS Vv
> √© ay sig c ceees
> a as
/ 2 OF an ~
Y = . ‚Äù ON * ¬ª
¬∞ nD
‚Äú3 mae
2 - o ¬∞ ¬• +
ra ag! wy, tet, RS
f ¬´ me‚Äù Ae
~ o > wins
terres
aves &
dj

La
, ig
‚Äò 2
> se
oe
mene
eee

a
>
~y,
ge
pee my,
hk J oo
aor % ‚Äù
‚Äúyy =

made with mematic nase
",320,0.3,0.2,anger,joy
Freedom ain‚Äôt free,18,https://i.redd.it/4das9znxgm8d1.jpeg,Necessary-Swing-991,2021.0,803.0,1347.0,17.0,8.0,2024-06-25 01:39:52,"SEATONE WITHMY,
FELLOW, PEOPLE (THE! MENTALLY CHALIENGED
",57,-0.1,0.2,joy,anger
Cookie the Dog,14,https://i.redd.it/2f332rw5fm8d1.jpeg,Threshold216,5606.0,2984.0,2432.0,64.0,3.0,2024-06-25 01:29:57,,3,0.0,0.0,anger,none
forgot to post this like one year ago,37,https://i.redd.it/5axrqg86cm8d1.jpeg,TMSplaat_YT,1539.0,107.0,1174.0,35.0,5.0,2024-06-25 01:13:11,"Roses are red,
Violets are blue

+,

@)

How Many Potatoes Does It
mah AgnRYN DOOM?
",84,0.1666666666666666,0.1999999999999999,sadness,anger
off the 9,9,https://i.redd.it/3vj902ln6m8d1.jpeg,Ziodyne_Ham,44959.0,10920.0,1548.0,26.0,6.0,2024-06-25 00:42:16,"UU FINAL GHALLENGE

STOP FACHORRGORAOUR ROOM
IMAGINING'SCENARIOS IN'YOUR'HEAD!

",80,0.0,1.0,anger,joy
It actually tastes good when I eat it.,38,https://i.redd.it/wv8uz7mb3m8d1.jpeg,JacsweYT,27350.0,20448.0,1832.0,34.0,37.0,2024-06-25 00:24:05,"= M@pcorte saving neal
RURGERKING IS HORRIBLE] GENUINELYLIKES IT
",65,-1.0,1.0,joy,sadness
Wyndown,7,https://i.redd.it/dfgi6ucr2m8d1.jpeg,Paimjoo,9936.0,853.0,1501.0,82.0,2.0,2024-06-25 00:20:26,"Windows
troubleshooting

Windows trying
to find a way
to make the
system even
more complex

",92,0.1,0.45,anger,joy
Gaming meme,11,https://i.redd.it/bugsecrh0m8d1.jpeg,TWWOVG,5318.0,2943.0,266.0,19.0,3.0,2024-06-25 00:07:43,,3,0.0,0.0,anger,none
Banjo-Hawktooie,15,https://i.redd.it/ji7w5efjzl8d1.jpeg,3Din3D,5571.0,1785.0,4368.0,5.0,4.0,2024-06-25 00:02:22,"ro
o a¬Æ N
OE Avgzer

/ -‚Äî‚Äî
a ‚ÄòCompatible with
a ‚Äò N64 Controller Pak

7 7 ¬ª Le Pal

EVERYONE
",93,0.0,0.0,joy,joy
I Bet He's Thinking About Other Women ,38,https://i.redd.it/59awwpw8xl8d1.jpeg,snowfalcon777,37303.0,304.0,1983.0,19.0,1.0,2024-06-24 23:49:32,"Her: | bet he's thinking about
other women

Him: Right before MrBeast dies
he should change his name to
Mr Yeast. Then he can Say on his
tombstone ""Here lies Mr Yeast.
Pardon me for not rising. ""

",197,0.0803571428571428,0.4553571428571428,joy,anger
Two Brain Cells Fighting for Third Place,40,https://i.redd.it/m673tfd0xl8d1.png,Nevek_Green,192615.0,80686.0,4357.0,18.0,16.0,2024-06-24 23:48:53,"QOUMNBEST Fewa

Rather than having
Doctor Disrespect
arrested, Amazon
helped cover up
his crime and gave
him millions of
dollars for
reasons.

",143,0.0,0.0,anger,anger
Playing candy crush be like,27,https://i.redd.it/0lwbkmzlsl8d1.jpeg,wise_potato23,2692.0,814.0,565.0,0.0,2.0,2024-06-24 23:23:37,"Date and time

",15,0.0,0.0,joy,anger
Yet another CGI reboot,22,https://i.redd.it/0r1a7nwhrl8d1.png,Emmie_Lemming,1123.0,957.0,113.0,68.0,4.0,2024-06-24 23:18:16,,3,0.0,0.0,joy,none
That's why they call it the city of love,40,https://i.redd.it/8fa4a9dvql8d1.jpeg,mimi666685,1684.0,1526.0,2072.0,0.0,3.0,2024-06-24 23:13:47,,3,0.0,0.0,anger,none
‚†Ä ‚†Ä ‚†Ä ‚†Ä ‚†Ä ‚†Ä ‚†Ä ‚†Ä ‚†Ä ‚†Ä ‚†Ä ‚†Ä ‚†Ä,25,https://i.redd.it/alx3dlpsql8d1.jpeg,Mentallyinsansedude,11754.0,7067.0,439.0,0.0,0.0,2024-06-24 23:13:22,"YES U3P

",9,0.0,0.0,joy,anger
Unsuspecting ,13,https://i.redd.it/cvzs4bz8pl8d1.jpeg,OkDragonfly4098,20114.0,6263.0,85.0,1.0,0.0,2024-06-24 23:04:41,,3,0.0,0.0,anger,none
Be careful what you wish for,28,https://i.redd.it/sdc745bpll8d1.jpeg,Auhsoj753,19431.0,1374.0,1852.0,37.0,1.0,2024-06-24 22:44:50,"Kylie Jenner when she gets
injections at a young age
and then regrets it later on

",83,0.0,0.2,joy,sadness
Brussels Train station hates Gen Z?,35,https://i.redd.it/969z9antcl8d1.jpeg,jeremyjamm1995,15377.0,11995.0,1634.0,11.0,5.0,2024-06-24 21:55:07,"RETARD
",7,-0.9,1.0,anger,sadness
"Skill issue, perhaps",20,https://i.redd.it/9kgi7lym6l8d1.png,PachoTidder,168361.0,146861.0,1592.0,24.0,2.0,2024-06-24 21:20:59,"USING PUBLIC DOMAIN PROPERTIES TO TELL NEW
STORIES WITH DARKER STYLE AND HORROR THEMES

GOES WELL

",99,0.0681818181818181,0.2606060606060606,joy,joy
OMG ITS THE THING THE THING!,28,https://i.redd.it/min6l4dr4l8d1.png,JosephSubbas,22617.0,4592.0,862.0,31.0,2.0,2024-06-24 21:10:05,"WHEN YOU SEE YOUR FAVORITE
GAME IN A YOUTUBE VIDEO:

f a: √©¬•

i & Ff
",69,0.0499999999999999,0.7,anger,joy
It's all Chris Pratt ,21,https://i.redd.it/bxzr1esu2l8d1.png,MrLozoTheSecond,18110.0,16661.0,333.0,0.0,4.0,2024-06-24 20:59:10,"Always has been

* Wait it's all Chris
Yo Pratt!

",50,0.0,0.0,joy,joy
They need an Uber,17,https://i.redd.it/xw9w7c51zk8d1.jpeg,devoduder,61036.0,55047.0,1766.0,81.0,5.0,2024-06-24 20:37:46,"WHEN YOU FINALLY GET TO ISS:

",30,0.0,1.0,anger,joy
I SAW IT,8,https://i.redd.it/lltae5u8yk8d1.jpeg,stuff0s,11542.0,9278.0,140.0,0.0,0.0,2024-06-24 20:33:20,,3,0.0,0.0,joy,none
"Life got me lit AF, yo",22,https://i.redd.it/x9o5srlhuk8d1.jpeg,tripflops,12043.0,4609.0,2441.0,21.0,0.0,2024-06-24 20:12:16,"Me, looking in the mirror: | probably don‚Äôt
even look high

The mirror:

WOME mematic
",86,0.16,0.54,joy,joy
Wake up ,8,https://i.redd.it/nscn4qebbk8d1.jpeg,NormieFromCheers,22780.0,20274.0,1543.0,0.0,4.0,2024-06-24 18:24:49,"When she goes (system of a) down on you

made with mematic
",59,-0.1555555555555555,0.2888888888888889,fear,joy
First day of computer lab you listen to an entire lecture about how the teacher is in love with the computers,109,https://i.redd.it/rftthj1t8k8d1.jpeg,Waitingforlunch,118527.0,1728.0,2713.0,58.0,3.0,2024-06-24 18:11:07,"No one:

High school computer teacher:

My Machines!
",53,0.2,0.54,love,anger
Close Call,10,https://i.redd.it/kernr3o26k8d1.jpeg,Minus10IQ,32076.0,10595.0,804.0,62.0,11.0,2024-06-24 17:55:27,"When your Bro almost gets Pegged by his
Goth GF but you saved him just in Time

a.

made with mematic
",102,0.0,0.0,fear,joy
"""And God, please bless the NFL insiders, for I have no clue what they look like.""",81,https://i.redd.it/5f1skqdfyj8d1.png,SkankLover,1670.0,408.0,2677.0,2.0,3.0,2024-06-24 17:13:02,"The Four Horsemen of I'm so
God Damned Tired of Seeing
Your Faces on The Front Page:

WOOD isg {fii

",101,-0.4,0.7,joy,sadness
"It's on, it's on!!!",19,https://i.redd.it/6xcrpanqxj8d1.jpeg,cizelaya70,804.0,181.0,127.0,40.0,5.0,2024-06-24 17:08:43,"WHEN YOU SEE THE AD
FOR THE COMPANY YOU WORK FOR.

,
",53,0.0,0.0,anger,anger
I‚Äôll hold on to this just in case black mirror comes real,57,https://i.redd.it/vxz8akihnj8d1.jpeg,EquipmentElegant,111526.0,55828.0,1344.0,50.0,10.0,2024-06-24 16:11:15,"Messages

Threads Requests

u}

redditor for 3 y - 1,507 Karma

9:44PM
ley, are you looking to sell your account?
I'll offer you a price if yes and | can send you
the funds on paypal.

- wants to chat
Accept their request to start chatting

Ignore

Report Invite

",264,0.2,0.1,joy,joy
I am strugglment,16,https://i.redd.it/sdu1xz9zmj8d1.jpeg,sac_de_q,2378.0,880.0,880.0,57.0,6.0,2024-06-24 16:08:24,"SILENCE, neurotypical

a

A... umm... The uhhbh.....
",53,0.0,0.0,anger,fear
I Bet He's Thinking About Other Women ,38,https://i.redd.it/dxa72q1ugj8d1.jpeg,snowfalcon777,37303.0,304.0,1983.0,71.0,26.0,2024-06-24 15:33:58,"Her: | bet he's thinking about
other women

Him: How in the hot, crispy
Kentucky fried Frick has Joel
Osteen not got Covid even once in

the last 4 1/2 years when he greets
thousands of people each week?
",204,0.0416666666666666,0.4305555555555556,joy,love
Got My Tight Pants On....,25,https://i.redd.it/szmvl0l49j8d1.png,Adam_Gill_1965,29299.0,8574.0,1785.0,4.0,0.0,2024-06-24 14:52:06,"IT

maT

7,

ae

Corporate needs you to find the differences
between this picture and this picture.

",101,0.0,0.0,anger,anger
She ain‚Äôt no diva üòÇ,19,https://i.redd.it/29ix80e89j8d1.jpeg,Luvdizblackahh,639.0,288.0,341.0,15.0,1.0,2024-06-24 14:51:22,,3,0.0,0.0,joy,none
bro is cooked,13,https://i.redd.it/hvmqnpqm1j8d1.jpeg,Gl1ntVeiN_,2901.0,2750.0,851.0,50.0,4.0,2024-06-24 14:08:46,"Ee. c.ai >

Lust Chat Character.Al Dialogue

",45,0.0,0.0,joy,anger
Made this have fun with it,26,https://i.redd.it/p32y47fb1j8d1.jpeg,Sad_Wind_7992,6479.0,5958.0,43.0,32.0,2.0,2024-06-24 14:07:13,"LOBOTOMY PLAY
",14,0.0,0.0,joy,anger
Why? Just why?,14,https://i.redd.it/93rkjzh1yi8d1.jpeg,gimnazijatrzin,2161.0,1028.0,256.0,41.0,6.0,2024-06-24 13:48:43,,3,0.0,0.0,anger,none
Daily Nichijou meme #2263,25,https://i.redd.it/y98b92okti8d1.jpeg,Holofan4life,12750271.0,334889.0,2760.0,4.0,1.0,2024-06-24 13:23:35,"Dave Grohl: *Mocks Taylor Swift by
insinuating she doesn't perform live*

When it turns out that someone is getting
the best, mie best, the best, the best of him:

",164,0.8272727272727274,0.34,anger,anger
I actually learned Latin for this purpose,41,https://i.redd.it/f5t6rrm1ki8d1.png,No_Significance_8874,93436.0,109.0,874.0,5.0,1.0,2024-06-24 12:30:17,"You learn Latin ,
understa anal
SB i

ae $0

lerstand all of west

urope

We are not the same

}
",97,0.0,0.125,joy,joy
Reality is often disappointing,30,https://i.redd.it/8p0jj1s3hi8d1.jpeg,BrockBracken,505876.0,23494.0,1274.0,78.0,2.0,2024-06-24 12:13:44,"THE STAR. WARS SAGA CONTINUES
{

What I think I'm

writing:

What I'm actually

writing:

",90,0.0,0.1,sadness,joy
Only If House Of The Dragon Had Some Good Dialogue Writing ,59,https://i.redd.it/tbhn8zylgi8d1.jpeg,umemesh,23671.0,702.0,1558.0,12.0,0.0,2024-06-24 12:11:00,"THEY KILLED MY SON
WHERE WERE YOU FUCKING???

ON YOUR MOM'S BED
",64,-0.4,0.4,joy,anger
Life is indeed strange,22,https://i.redd.it/qaqfyx9lci8d1.png,nicefield,66605.0,10550.0,2333.0,48.0,1.0,2024-06-24 11:48:30,"s MESSAGES now

Dad
Why the fuck you crying so damn loud

",58,-0.1666666666666667,0.6666666666666666,fear,sadness
Expectations vs Reality,23,https://i.redd.it/rwsi2woxbi8d1.jpeg,DependentFeature3028,92326.0,21194.0,195.0,77.0,3.0,2024-06-24 11:44:44,,3,0.0,0.0,joy,none
I Bet He's Thinking About Other Women ,38,https://i.redd.it/md6vww6uai8d1.jpeg,snowfalcon777,37303.0,304.0,1983.0,49.0,6.0,2024-06-24 11:38:35,"Her: | bet he's thinking about other
women

Him: Why does Italy have a
""Trans-Siberian"" railway when Rome is
10,000 km away from Siberia?

",139,-0.125,0.375,joy,anger
Boomer meme parody,18,https://i.redd.it/t44k4k0aai8d1.jpeg,Portal2Fan2,1139.0,618.0,899.0,9.0,2.0,2024-06-24 11:35:27,"WTF? DOESN'T THAT
STAND FOR

WHERE IS

THE

FREAKING WATER\G @
BUFFALO?
",72,-0.5,1.0,anger,anger
Any one else who thinking about that?,37,https://i.redd.it/j281zfcdxh8d1.jpeg,Willing-Neck-7417,5866.0,2519.0,242.0,47.0,22.0,2024-06-24 10:23:17,"why cze@i(oslo)vakia
have oslo \ iy the middle

a,
",51,0.0,0.0,anger,anger
Just noticed they also have only two jokes as well,50,https://i.redd.it/ip2rrcuush8d1.jpeg,Guest_4710,218442.0,16838.0,3664.0,92.0,17.0,2024-06-24 09:57:47,"You guys
only have
two jokes!

~

Alright. But do you

have anything else
besides ‚Äúsmall penis‚Äù
and ‚Äúnot having sex‚Äù

",118,-0.125,0.7,joy,joy
Better luck next weekend ladies,31,https://i.redd.it/rgfca2rgsh8d1.jpeg,xrhiax,13036.0,9633.0,1587.0,69.0,2.0,2024-06-24 09:55:38,"‚Äúwhy did | bother shaving‚Äù

mg

",32,0.0,0.0,joy,anger
Anyone else do this as a kid?,29,https://i.redd.it/kjhcnq52ph8d1.jpeg,SuperAlex25,484906.0,94412.0,1769.0,61.0,18.0,2024-06-24 09:36:30,"WHEN\YOU/SNEAKYC OUR IPAD IPAD INTO,
VOUR ROOM WITHOUT) OUI YOUR PARENTS KNOWING

",82,0.0,0.0,anger,joy
99 Problems 1 Solution,22,https://i.redd.it/8phdak87bh8d1.png,SmallAppearance3666,2489.0,139.0,504.0,45.0,9.0,2024-06-24 08:19:21,,3,0.0,0.0,joy,none
I now somehow have a MASSIVE collection of Thigh High Shocks =^0w0^=,68,https://i.redd.it/gq4gcik79h8d1.png,hotdogonthebbq,110135.0,8423.0,1904.0,20.0,6.0,2024-06-24 08:10:22,,3,0.0,0.0,joy,none
It do be like this,18,https://i.redd.it/5gj024is3h8d1.jpeg,SanftuFlauschig,3627.0,487.0,88.0,36.0,4.0,2024-06-24 07:37:27,,3,0.0,0.0,joy,none
It was funny when they said it,30,https://i.redd.it/5mvw1pxewg8d1.jpeg,666thSuprisedPikachu,505859.0,6755.0,1902.0,34.0,2.0,2024-06-24 06:55:56,"4 horsemen of the apocalypse

",30,0.0,0.0,surprise,anger
Starting off the week strong,28,https://i.redd.it/f3twkq2ztg8d1.png,Connor_rk,3507.0,2900.0,1258.0,57.0,3.0,2024-06-24 06:42:44,"my disappointment is is immeasurable and my

z day is ruined eS ‚Äú~S 2

",71,-0.6,0.4,joy,sadness
Enchantments r weird,20,https://i.redd.it/fr5ht10ttg8d1.jpeg,maddyplayz4645,2789.0,280.0,214.0,68.0,9.0,2024-06-24 06:41:22,,3,0.0,0.0,fear,none
Classic Reddit making fun of mental illness. Hilarious! üôÉ,57,https://i.redd.it/zzsaw306mg8d1.jpeg,rstanek09,26514.0,16840.0,2494.0,0.0,4.0,2024-06-24 05:58:30,"a>.

AVG REDDIT TROLL
Am || out of touch?

= No, it's the mentally ss

ill ‚ÄòWho should be made fun'of:
ip cc LI

",113,-0.1,0.6,joy,anger
My laziness always hits me hard,31,https://i.redd.it/xjnwjzz7eg8d1.jpeg,LS7-6907,6272.0,1800.0,406.0,43.0,4.0,2024-06-24 05:14:04,"Studying for 5 mins

",21,0.0,0.0,anger,joy
The shampoo bottles thought it was good tho,43,https://i.redd.it/57vs10smdg8d1.jpeg,Supersaiajinblue,297599.0,50252.0,1762.0,72.0,3.0,2024-06-24 05:10:41,"When you finally think of
a way better comeback days
after the roast battle:

",78,0.25,0.75,joy,joy
Deadguy.jpg,11,https://i.redd.it/mro37oxw9g8d1.jpeg,Haywire-Hawk,9583.0,5640.0,414.0,9.0,4.0,2024-06-24 04:49:50,,3,0.0,0.0,anger,none
Always with panda express,25,https://i.redd.it/4jjjigd37g8d1.jpeg,someoneatemyfries,23467.0,1570.0,1873.0,28.0,0.0,2024-06-24 04:34:01,,3,0.0,0.0,joy,none
Average Swiftie,15,https://i.redd.it/tyroaydx6g8d1.jpeg,NewCartographer10,47891.0,1081.0,168.0,0.0,33.0,2024-06-24 04:33:07,"doctor: you have 249 minutes to live

me:

¬ß Taylor Swift: The Eras Tour >
Running time

",89,0.1363636363636363,0.5,joy,joy
Anyone got a napkin?,20,https://i.redd.it/ozu9mdhm5g8d1.jpeg,someoneatemyfries,23467.0,1570.0,1873.0,27.0,3.0,2024-06-24 04:25:47,,3,0.0,0.0,anger,none
"I'm gonna buy your product whenever I feel like it, y'all don't need to switch up the game",90,https://i.redd.it/19xfeueu2g8d1.png,2022-worst-year-ever,11211.0,2376.0,745.0,27.0,1.0,2024-06-24 04:13:03,"how it feels when companies start
replacing their classic commercial
jingles with popular music

‚Äî |
Sm as
fad
Be 4

HOW D0 YOU DO, FELLOW ‚Äò=P

listeners
",154,0.2555555555555555,0.3555555555555555,joy,joy
Hawk Tuah Hawk Tuah Hawk Tiggity Tuah,37,https://i.redd.it/xs08samdxf8d1.jpeg,BD_HI,13089.0,11191.0,321.0,0.0,2.0,2024-06-24 03:39:36,"HAWK TUAH HAWK TUAH

Perit jo . a

Qo
HAWK TIGGITY TUAH
",56,0.0,0.0,anger,anger
Complaining Communities,23,https://i.redd.it/ey0rwr25wf8d1.png,DiamondSoup0,570.0,346.0,128.0,20.0,3.0,2024-06-24 03:32:40,"oT

| complain more!

OWLTURD.Com &}
",37,0.625,0.5,anger,anger
Life imitating art,18,https://i.redd.it/8n5yyjwbvf8d1.jpeg,BirthdayBoyStabMan,367951.0,8097.0,432.0,48.0,0.0,2024-06-24 03:28:05,,3,0.0,0.0,fear,none
True fr,7,https://i.redd.it/787t5qlfpf8d1.jpeg,Much_Tough,6642.0,286.0,1302.0,20.0,6.0,2024-06-24 02:55:17,"\s Aegan
Tried appealing
to edgelords by

Just a big clown

Banned because

of slurs and using edgy
violations humor
Racist
anchild

ors
""Adolf Hitler is | m mine
N*eeeu

ed Nis
He petraye nd he

UCnad Wiaste

Just a DIS turtle

, Wise

His rsrim an
him
betrayed '
ede
""My time has
come.""

OV

Uogway
Ascended a
Passeg hi

Dieg beca

Mmm monkey

Wisdom
Sensel

old age

and

IS JOb
Shify to

US of
",398,0.1583333333333333,0.4083333333333334,joy,anger
He told me to.,14,https://i.redd.it/whwhn8qjof8d1.png,Corrupt_Conundrum27,12770.0,11722.0,860.0,0.0,1.0,2024-06-24 02:50:15,"How bro looks at me when |
burn his house down after he said
""It's time to get lit up in here.""

",97,-0.1555555555555555,0.2888888888888889,anger,joy
OC for ya'll,12,https://i.redd.it/xfhfzjvsmf8d1.jpeg,Zeratul277,38980.0,23551.0,672.0,27.0,5.0,2024-06-24 02:40:17,"Comman folk: Zelda gets
her first video game!

Elders: You have to beat
this first.

a

PHILIPS
",96,0.0,0.3555555555555555,joy,joy
You're a snotty girl ,21,https://i.redd.it/vj75m97qmf8d1.jpeg,Charming-Macaron-322,64821.0,6105.0,1274.0,0.0,15.0,2024-06-24 02:39:53,"When she invites you
over to her place and

has a hawk named tuah

",67,0.0,0.0,anger,anger
Malicious Compliance,20,https://i.redd.it/obhanwjhaf8d1.jpeg,SmokeMachine2020,24713.0,7016.0,1591.0,0.0,3.0,2024-06-24 01:31:16,"Thank you for submitting to /:/memes. Unfortunately,
your submission has been removed for the following
reason(s):

Rule 1 - ALL POSTS MUST BE MEMES AND FOLLOW A
GENERAL MEME FORMAT

All posts must be memes following typical setup/design:
an image/gif/video with some sort of caption; mods
have final say on what is (not) a meme

",330,-0.1027777777777777,0.5333333333333333,anger,anger
12 years,8,https://i.redd.it/sl9nycc38f8d1.jpeg,CAT-IN-a-B0X,3659.0,843.0,303.0,8.0,1.0,2024-06-24 01:17:50,"& riteenagers 45m
The person below me might be my uncle?
G21%)( 08 R pw
co r[teenagers 45m
Yall I'm finally back w the milk
Gold) O29 QR QW
",140,0.0,0.0,joy,joy
This is so stupid and I love it,31,https://i.redd.it/8iwnp1bc7f8d1.jpeg,PopTartPlayz,726.0,122.0,299.0,30.0,5.0,2024-06-24 01:13:38,"From BattleForDreamlsland community on

Which expression is a factor of 2x‚Äù + 38x +{10 ? ]
o)
LA

",98,0.0,0.0,sadness,joy
A sudden thought,16,https://i.redd.it/tkpjcrry5f8d1.jpeg,LayJaly,76725.0,22631.0,251.0,49.0,4.0,2024-06-24 01:05:55,,3,0.0,0.0,fear,none
I leave nothing behind,22,https://i.redd.it/tn9t5yl82f8d1.jpeg,AndrewWarra,6149.0,1480.0,31.0,80.0,17.0,2024-06-24 00:45:03,,3,0.0,0.0,anger,none
It‚Äôs routine at this point,26,https://i.redd.it/zfuwvvyu1f8d1.jpeg,AndrewWarra,6149.0,1480.0,31.0,23.0,3.0,2024-06-24 00:42:55,"; a.
",5,0.0,0.0,joy,anger
Grow Op,7,https://i.redd.it/op6uaww31f8d1.jpeg,WhiteLothCat,27356.0,784.0,335.0,0.0,5.0,2024-06-24 00:38:41,"f

ae
ale

THE

",16,0.0,0.0,joy,anger
Is this still a thing?,22,https://i.redd.it/3g5zsokk0f8d1.jpeg,Empoleon777,42392.0,35948.0,1229.0,33.0,3.0,2024-06-24 00:35:41,"Character: Is well-versed in plants, or
talks about herbs or weeds

Fan artists/Meme creators:

",96,0.0,0.0,anger,joy
Where's the lie?,16,https://i.redd.it/l6o7qcgrxe8d1.jpeg,Ok-Bird4219,4920.0,513.0,174.0,37.0,4.0,2024-06-24 00:20:12,"Me dissociating while waiting for
my toddler to fall asleep
",60,0.0,0.0,anger,fear
This game is so ominous,23,https://i.redd.it/oqdxnxkmve8d1.png,nicefield,66605.0,10550.0,2333.0,95.0,8.0,2024-06-24 00:08:04,"thirsty. I'm the worst baby mama. Drink up...

Ve.

",52,-1.0,1.0,fear,anger
And pathetic,12,https://i.redd.it/cxfjxcqare8d1.jpeg,WaffleWarrior1979,53533.0,30445.0,1263.0,16.0,1.0,2024-06-23 23:43:44,"AT LAST! ‚ÄòSWORD OF
THE Sworp
EOS oF TRuTH!

",44,0.0,0.0666666666666666,sadness,joy
Our business is doing well but‚Ä¶,31,https://i.redd.it/4k55y2loje8d1.jpeg,Starynight_11,255923.0,745.0,1565.0,31.0,3.0,2024-06-23 23:01:01,"Our
business
if doing
really

well

know, the to work an
economic hour extra

. a we landscape everyday
¬• fh is rough Ym without pay
made withimemati ;

",153,0.02,0.3,joy,anger
I hope Guinness actually makes this a thing for them,52,https://i.redd.it/ztxoqp2jje8d1.jpeg,Gold_Map5222,13241.0,1217.0,1055.0,5.0,0.0,2024-06-23 23:00:09,"KIDBEHINDACAMERA'AND
HIS'FAMILY(GETTHE A FOR

oY

",50,0.0,0.0,joy,joy
mishear it every time,21,https://i.redd.it/mjm6pgwfie8d1.png,POMANTRANS,8345.0,1903.0,519.0,2.0,0.0,2024-06-23 22:54:33,"My Lowes
> Rewards

Milos
Rewards

",35,0.0,0.0,anger,joy
I Bet He's Thinking About Other Women ,38,https://i.redd.it/62sn1v2zce8d1.jpeg,snowfalcon777,37303.0,304.0,1983.0,53.0,8.0,2024-06-23 22:23:25,"Her: | bet he's thinking about
other women

Him: Why didn't the
professor on Gilligan's island
get together with Ginger or
Mary Ann even once in 15
years and have a child?

",173,-0.125,0.375,joy,anger
So this is why my phone‚Äôs been running slow lately,50,https://i.redd.it/yheaoqshce8d1.jpeg,JohnWickOnABudget,505.0,107.0,465.0,13.0,2.0,2024-06-23 22:20:44,"00:19 all > G2

77:19:48,26

Runde ee Stopp
2. runde 77:15:41,05
1. runde 00:07,22

@ o @ ¬©

Verdensklokke Alarmer Stoppeklokke Nedtellinger

",142,0.0,0.0,sadness,joy
he shud hav cheked the playstor he was so sily lol,50,https://i.redd.it/eyf4tj6hce8d1.jpeg,Doge_is_me,8152.0,1535.0,694.0,2.0,0.0,2024-06-23 22:20:38,"H
inSTAGRAM he BILLION

AND REALISED)ITiS)FREE
ON THE PLAY STORE
",65,0.0,0.0,anger,joy
My mom after leaving my room,28,https://i.redd.it/pahyfyl8be8d1.jpeg,mehmethe,11388.0,668.0,1887.0,36.0,3.0,2024-06-23 22:13:41,,3,0.0,0.0,sadness,none
youngpeopleyoutube be like,26,https://i.redd.it/ssvbacuo8e8d1.jpeg,fanofpizzatower23198,2359.0,539.0,140.0,6.0,0.0,2024-06-23 21:59:31,"R/YOUNGPEOPLEYOUTUBE
LOOKING:FOR CONTENT

A

THE SORT BY NEWEST
COMMENTS FIRSTBUTTON

imafiip.com:
",99,0.0,0.0,joy,joy
Italy verse,11,https://i.redd.it/xtg8mppt7e8d1.jpeg,DarkPaciello,1226.0,106.0,713.0,8.0,1.0,2024-06-23 21:54:34,"Il J VeN

ssprperNerse
",23,0.0,0.0,anger,anger
"Use it often, Use it well",25,https://i.redd.it/svs5vz1i5e8d1.jpeg,Hexxegone,244676.0,3487.0,2616.0,31.0,0.0,2024-06-23 21:41:50,,3,0.0,0.0,joy,none
I am super fucked project wise,30,https://i.redd.it/yzu654pa5e8d1.jpeg,thelixardprince,6843.0,1076.0,42.0,16.0,3.0,2024-06-23 21:40:25,,3,0.0,0.0,anger,none
Sounds legit,12,https://i.redd.it/166hki472e8d1.jpeg,Expert_Camel5619,20148.0,2965.0,1175.0,20.0,1.0,2024-06-23 21:23:00,"NOTHING TO SEE HERE JUST A MOVIE
ABOUT ‚ÄúALIENS‚Äù THAT TERRORIZE
PEOPLE FOR ADRENOCHROME
TO SELL ON THE BLACK MARKET

Dolph ; Lundgren

| COM= IN

On

BAD
ALIEN.

‚ÄòBIG
TROUBLE.

",176,-0.2633333333333333,0.43,joy,fear
I Bet He's Thinking About Other Women ,38,https://i.redd.it/yf8qjd0u1e8d1.jpeg,snowfalcon777,37303.0,304.0,1983.0,70.0,8.0,2024-06-23 21:20:59,"Her: | bet he's thinking about
other women

Him: What if Area 51 is just a decoy to
distract us from Area 52 - The Tonopah
Test Range?

",136,-0.125,0.375,joy,anger
sometimes the zest goes a bit farther than kissing the homies goodnight,71,https://i.redd.it/c1jjtu231e8d1.jpeg,Beyblademan1,36978.0,7555.0,1218.0,7.0,0.0,2024-06-23 21:17:15,,3,0.0,0.0,love,none
Most powerful shout in the game ,32,https://i.redd.it/kd3i5sdhxd8d1.jpeg,glitchdailys,38771.0,7694.0,1054.0,0.0,5.0,2024-06-23 20:56:35,"Spit On That Thang

HAWK TU. AH
The one thing that will make a man experience
Brain Rot. Drains 25 Magicka. eS
eo

¬£ 5,5, 300

",127,0.0,0.0,joy,sadness
There are no scarier moments,28,https://i.redd.it/ugzll9ymwd8d1.png,Enrykun,46459.0,14344.0,1465.0,62.0,2.0,2024-06-23 20:51:51,"There are no
spiders in
your room
There's a

spider in
your room

There are no
spiders in
your room

",101,0.0,0.0,sadness,anger
He is a diemangulur pureto ,27,https://i.redd.it/23clubhbwd8d1.jpeg,Funny-Club-6882,569.0,95.0,204.0,3.0,0.0,2024-06-23 20:50:04,,3,0.0,0.0,joy,none
My beloved‚ù§Ô∏è,12,https://i.redd.it/ihyoz7ykud8d1.jpeg,Purpledratini,10607.0,3224.0,45.0,25.0,5.0,2024-06-23 20:40:19,"imoflip.com
",12,0.0,0.0,anger,joy
Living with Mr. J in a van down by the river,44,https://i.redd.it/ta6vh0rmrd8d1.jpeg,CheopsII,2209.0,1257.0,32.0,37.0,3.0,2024-06-23 20:23:47,"Nobody:
Literally No One:

Me: Farley Quinn

",45,0.0,0.0,fear,anger
"Indeed, I did the math.",23,https://i.redd.it/l1jyaejjrd8d1.jpeg,Cloud_Station,136523.0,63423.0,1074.0,9.0,2.0,2024-06-23 20:23:34,"Spend $50,000 on..

Embarresing

‚Äúerotic‚Äù animation video 823 years of Roblox Premium

OR

",91,0.7,0.9,joy,love
That's how catholicism works,28,https://i.redd.it/aiijusaypd8d1.png,RainNightFlower,364502.0,91164.0,1401.0,33.0,9.0,2024-06-23 20:14:24,"One God in three persons

",26,0.0,0.0,joy,anger
We Don‚Äôt Serve Droids Here,26,https://i.redd.it/mst4axhgld8d1.jpeg,VaughnFry,126743.0,35465.0,2885.0,65.0,5.0,2024-06-23 19:49:13,",
WE DON'T SERVE DROIDS'HERE

_ @vaughniry

& ?

",49,0.0,0.0,anger,anger
"Sorry I used instagram to edit this meme, but it worked right?",62,https://i.redd.it/69vhliqajd8d1.jpeg,ZhangMooMoo,8864.0,2282.0,851.0,0.0,0.0,2024-06-23 19:37:06,"x BEV H
~ @a_tarime_

m convincec oh

tbeot

almost died

",58,0.0,0.0,anger,sadness
Moneyü§ë(tbrwy some sequels were good and others not so good...),62,https://i.redd.it/6sjlqup9jd8d1.jpeg,Flaviphone,316272.0,47263.0,906.0,66.0,3.0,2024-06-23 19:36:56,"=What inspired y SO many.
Eis aa Sequels i in the issuers?
",59,0.5,0.5,joy,joy
Ruining any chances,19,https://i.redd.it/mqmwti0ugd8d1.jpeg,cydude1234,44282.0,31370.0,1631.0,0.0,2.0,2024-06-23 19:23:56,"HOW! LOOK! ATBRO BRO ) AFTER HESA\
SKIBIDI RIZZ TO THE POTENTIAL‚Äô TWO! MAN¬Æ

",77,0.0,1.0,anger,joy
