title,title_length,url,author,author_karma,author_comment_karma,author_account_age_days,upvotes,comments,post_time
After the presidential debate,29,https://i.redd.it/86sheg1ggc9d1.png,Ambitious_Credit_425,3940.0,3466.0,85.0,1,0,2024-06-28 17:03:34
I hope the joke doesn't fly above anyone's head,47,https://i.redd.it/pddbqx3cfc9d1.png,pion99,1576.0,386.0,665.0,22,1,2024-06-28 16:57:38
"Yeah, this week... need-a cuppa... or two, or three",51,https://i.redd.it/hhj740o9ec9d1.jpeg,cytherian,179631.0,91743.0,3256.0,6,1,2024-06-28 16:51:34
The county hasn't been this united since the summer of Tiger King! MERCA!!!ðŸ‡ºðŸ‡¸ðŸ‡ºðŸ‡¸,79,https://i.redd.it/5lnglenxdc9d1.jpeg,GoDiegoGo2469,3859.0,219.0,624.0,13,0,2024-06-28 16:49:22
We have to help the boomers,27,https://i.redd.it/945rybapcc9d1.jpeg,Psyfreakpt,120147.0,17417.0,1513.0,58,2,2024-06-28 16:42:36
How tf can you write this bad lyrics?,37,https://i.redd.it/3zg3myiobc9d1.jpeg,TrueGamer77,12822.0,2771.0,525.0,6,0,2024-06-28 16:36:44
Oh Dear God No!,15,https://i.redd.it/4ov2ftdabc9d1.jpeg,TripolarMan,52092.0,38631.0,268.0,10,5,2024-06-28 16:34:50
50 cent + 50 cent,17,https://i.redd.it/qhkszta6ac9d1.png,RLDBMate,1581.0,195.0,819.0,6,4,2024-06-28 16:28:19
"I mean, that was the sales pitch ",33,https://i.redd.it/hpou4trm9c9d1.jpeg,bountyhunterfromhell,614151.0,22369.0,1762.0,21,1,2024-06-28 16:25:15
Keystrokes keystrokes keystrokes,32,https://i.redd.it/xpdvyy3c9c9d1.jpeg,Independent-Pea8223,24623.0,18994.0,1303.0,15,1,2024-06-28 16:23:36
It's true and that's okay,25,https://i.redd.it/5mc9ffyr8c9d1.png,TheBlackoutEmpire,595228.0,39247.0,2795.0,6,2,2024-06-28 16:21:39
New template,12,https://i.redd.it/8xmt7f5j7c9d1.jpeg,udisgustme4r,1272.0,920.0,117.0,10,1,2024-06-28 16:13:29
happened to me before that's how i know,39,https://i.redd.it/8jhwnure6c9d1.png,h_djo,51725.0,29471.0,2735.0,19,0,2024-06-28 16:07:22
Sometimes I wish I could pay my brain to be quiet,49,https://i.redd.it/2c1mud8a5c9d1.jpeg,Dusskulll,112726.0,50302.0,2368.0,9,0,2024-06-28 16:00:53
Interstate Exits,16,https://i.redd.it/h2k91mby4c9d1.jpeg,thelogicbox,8477.0,3236.0,5441.0,4,13,2024-06-28 15:59:21
"In my opinion, Rizz is not charisma",35,https://i.redd.it/21tl8xq04c9d1.jpeg,Zman2647_Cooljoe,598.0,136.0,547.0,7,2,2024-06-28 15:53:48
Just shut up and take my money!,31,https://i.redd.it/l0f166hz2c9d1.jpeg,TheEnterVert,7855.0,384.0,363.0,75,8,2024-06-28 15:52:58
I Bet He's Thinking About Other Women ,38,https://i.redd.it/dgv00aig1c9d1.jpeg,snowfalcon777,37303.0,304.0,1983.0,14,2,2024-06-28 15:39:27
"I have to repeat the course, guys",33,https://i.redd.it/fyyrztuhyb9d1.jpeg,ecstacy1706,4964.0,4490.0,657.0,7,0,2024-06-28 15:23:23
Solenâ€™ya,8,https://i.redd.it/uavvzp8gyb9d1.jpeg,Odinthedoge,146445.0,82369.0,1266.0,3,1,2024-06-28 15:22:36
He simply does not,18,https://i.redd.it/4qtuq64lwb9d1.jpeg,Gooderguy2006,1088.0,165.0,1928.0,58,6,2024-06-28 15:12:10
Daily Nichijou meme #2267,25,https://i.redd.it/fggvpfqdwb9d1.jpeg,Holofan4life,12750271.0,334889.0,2760.0,2,0,2024-06-28 15:10:59
Time to turn this into a meme,29,https://i.redd.it/8efa9hqhvb9d1.jpeg,77_mec,43014.0,10554.0,420.0,20,2,2024-06-28 15:06:00
"Take off those nostalgia goggles, tomska ran out of jokes",57,https://i.redd.it/euih2x7wub9d1.jpeg,Gugarabelo,91919.0,1349.0,1210.0,0,6,2024-06-28 15:02:40
Everytime,9,https://i.redd.it/9iav4enftb9d1.jpeg,Least-Ad-1806,25951.0,7480.0,158.0,17,1,2024-06-28 14:54:28
Finally,7,https://i.redd.it/k5wdd4rusb9d1.jpeg,AgreeingAtTeaTime,4579.0,2459.0,382.0,7,0,2024-06-28 14:51:12
We all did this at some point.,30,https://i.redd.it/cyo64ndbsb9d1.jpeg,StepBrother7,70558.0,40323.0,1261.0,71,8,2024-06-28 14:48:12
Am I the only one?,18,https://i.redd.it/du6lpu5trb9d1.jpeg,Least-Ad-1806,25951.0,7480.0,158.0,9,3,2024-06-28 14:45:21
Strauss Zelnick,15,https://i.redd.it/mf4xmze8qb9d1.jpeg,NewSpecific9417,3366.0,1604.0,371.0,4,1,2024-06-28 14:36:31
The most affective Bug Killer on Earth.,39,https://i.redd.it/28aga9w3ob9d1.jpeg,StonerPowah61,23324.0,2650.0,372.0,26,3,2024-06-28 14:24:37
I see no mandatory milking of the major event ,46,https://i.redd.it/0c5iy5irnb9d1.jpeg,User_8395,30830.0,21421.0,164.0,41,8,2024-06-28 14:22:41
The metamorphosis ,18,https://i.redd.it/yhm2g867nb9d1.jpeg,CloudTraditional4983,11707.0,10418.0,816.0,17,1,2024-06-28 14:19:32
Meme from our developer,23,https://i.redd.it/98hcumyelb9d1.jpeg,Horizon__world,9192.0,1900.0,104.0,35,5,2024-06-28 14:10:10
When two presidential candidates argue about their golf game.,61,https://i.redd.it/scheidj9gb9d1.jpeg,Darebear4615,1617.0,1502.0,855.0,15,1,2024-06-28 13:40:39
I guess it happens,18,https://i.redd.it/5z5e54ihfb9d1.jpeg,afireofnature,13672.0,810.0,595.0,49,5,2024-06-28 13:36:20
"For future reference, I moved to Norway BEFORE it became trendy and hip to move to Norway.",90,https://i.redd.it/b7adb2hleb9d1.jpeg,Necro_Coitus,16642.0,9626.0,227.0,13,3,2024-06-28 13:31:18
Every fucking time ,19,https://i.redd.it/sg3vn7yr9b9d1.jpeg,Trashpit996,147587.0,45745.0,817.0,39,4,2024-06-28 13:04:17
"Liar, I am tomato!",18,https://i.redd.it/znup009ubb9d1.jpeg,burritolegend1500,24194.0,8815.0,1103.0,18,1,2024-06-28 13:15:51
M-m-m-monster!,14,https://i.redd.it/612ngit6ya9d1.jpeg,Asriel177,11576.0,6600.0,1440.0,38,2,2024-06-28 11:59:23
There is a meme I have forgotten. Help me find it.,50,https://i.redd.it/nthcym72ta9d1.jpeg,Grammar_Learn,18544.0,5590.0,560.0,18,2,2024-06-28 11:30:36
Oops.....,9,https://i.redd.it/lgn2e6jdla9d1.jpeg,Sid_Krishna_Shiva,13540.0,440.0,334.0,0,15,2024-06-28 10:47:31
My actions have consequences? Say it ain't so,45,https://i.redd.it/lrihgxr3la9d1.jpeg,VirtualButt,169073.0,69590.0,1977.0,15,2,2024-06-28 10:46:01
My chair stays empty now,24,https://i.redd.it/2k62ex5x2a9d1.jpeg,OxymoreReddit,64689.0,51672.0,1341.0,85,10,2024-06-28 09:04:05
They aren't made of Chicken,27,https://i.redd.it/dhts1ujc1a9d1.jpeg,SalientDred,9116.0,3576.0,480.0,59,6,2024-06-28 08:55:16
Too often,9,https://i.redd.it/1x36cksjw99d1.jpeg,No_Permission_374,29920.0,24066.0,362.0,65,4,2024-06-28 08:28:23
"Yikes, that was painful to watch!",33,https://i.redd.it/wpgd43pgt99d1.jpeg,J3FF949,520.0,177.0,1406.0,18,2,2024-06-28 08:11:04
Gotta go loud,13,https://i.redd.it/wgz5k97kj99d1.png,oranke_dino,737657.0,50434.0,1006.0,18,0,2024-06-28 07:16:20
Sad reality,11,https://i.redd.it/skrz8b3ab99d1.png,GameZedd01,75790.0,15636.0,2002.0,95,5,2024-06-28 06:29:10
What a guy,10,https://i.redd.it/sn339ovg699d1.jpeg,Nanaue7,580517.0,48717.0,1037.0,22,1,2024-06-28 06:02:12
Inspired by a true story ;(,27,https://i.redd.it/veuuusup099d1.jpeg,smokeyanonymous,7760.0,1482.0,560.0,85,2,2024-06-28 05:29:57
"Gentle-Satch, the most interesting pup",38,https://i.redd.it/n7kiu0ze099d1.png,cdiddy19,716993.0,696565.0,1699.0,18,1,2024-06-28 05:28:16
"Perhasp a repeated opinion but I believe A.I art is its own thing rather tradiational, digital art. Its kind of how we compare between Noise and Film grain when comes to photography, an A.I generated art is pretty much a shot of imagination that does not have the flaw made by a human or nature.",295,https://i.redd.it/6twuj76rx89d1.jpeg,binhan123ad,59092.0,44771.0,1447.0,0,37,2024-06-28 05:21:27
A great feeling tbh,19,https://i.redd.it/ov1ez07uy89d1.jpeg,Ep1cman152,122553.0,28889.0,2112.0,63,2,2024-06-28 05:19:25
Best shooter since sliced bread,31,https://i.redd.it/tn6bc3stx89d1.jpeg,Cute_Produce9548,48329.0,27456.0,1090.0,28,2,2024-06-28 05:13:45
But fr that does hurt though ,29,https://i.redd.it/48sgyi3bv89d1.jpeg,Next_Airport_7230,150145.0,14784.0,351.0,58,12,2024-06-28 05:00:04
time for rick to roll away,26,https://i.redd.it/dborj8fzp89d1.jpeg,SpottyJaggy,25255.0,5503.0,413.0,16,2,2024-06-28 04:29:47
Aww man!,8,https://i.redd.it/0zvuptomj89d1.jpeg,TheEnterVert,7855.0,384.0,363.0,68,1,2024-06-28 03:54:34
Iâ€™ve gotten some pretty solid advice ngl ,41,https://i.redd.it/1kktidurg89d1.jpeg,xX_Skibidi_Gyatt_Xx,32605.0,10863.0,80.0,37,12,2024-06-28 03:38:10
My whole life ,14,https://i.redd.it/la3gayxsd89d1.jpeg,Mobile_Childhood_484,7422.0,1617.0,25.0,19,2,2024-06-28 03:21:31
It's easy to see why pics like those don't ever trend,53,https://i.redd.it/cd7wtr8h889d1.jpeg,biggerppgfan,68991.0,2087.0,199.0,43,1,2024-06-28 02:51:41
My favorite,11,https://i.redd.it/suk8e3wlw79d1.png,SalmonelaDoAr,48941.0,1135.0,2036.0,14,1,2024-06-28 01:45:16
The big 3-0,11,https://i.redd.it/jck8g3ent79d1.jpeg,LeavesInsults1291,39137.0,17574.0,1841.0,88,13,2024-06-28 01:28:35
spit-shined shoes and everything,32,https://i.redd.it/71eh4o3ls79d1.jpeg,C0C0Wheat,3361.0,208.0,79.0,0,0,2024-06-28 01:27:12
"Eeeeeew, gross!",15,https://i.redd.it/77hi5txlo79d1.png,steppinrazor2009,16063.0,15633.0,2286.0,11,2,2024-06-28 01:00:17
Idk what to put here,20,https://i.redd.it/6mrau0mll79d1.jpeg,Organic_Promotion_75,6303.0,3491.0,187.0,22,2,2024-06-28 00:43:26
Fun grandpa mode activated,26,https://i.redd.it/y0jfhzmyf79d1.jpeg,kyledriscollmusic,4268.0,1241.0,1227.0,78,4,2024-06-28 00:11:50
This lean hitting hard too,26,https://i.redd.it/0zovlyhmc79d1.jpeg,SorrowT-T,8008.0,7883.0,681.0,0,6,2024-06-27 23:54:19
the floors are still gonna be dirty at the end of the day,57,https://i.redd.it/abtf11hjc79d1.jpeg,biggerppgfan,68991.0,2087.0,199.0,7,3,2024-06-27 23:53:14
What's got you down partner?,28,https://i.redd.it/c75otfh1b79d1.png,666thSuprisedPikachu,505858.0,6755.0,1902.0,54,11,2024-06-27 23:44:14
S h r e d d e d b e e f,23,https://i.redd.it/s2r7czqsa79d1.jpeg,SpaceHarrier64,108489.0,38950.0,2390.0,36,1,2024-06-27 23:42:54
for those who chew their gum loudly and use axe spray without bathing,69,https://i.redd.it/l5hswbruy69d1.jpeg,the_anonymous_lee,36695.0,8599.0,65.0,32,11,2024-06-27 22:35:56
Is my friend cooked?,20,https://i.redd.it/0kvbvhi5v69d1.jpeg,TheRedDrago8247,4127.0,1257.0,985.0,4,10,2024-06-27 22:15:11
The brain beat the body,23,https://i.redd.it/f6dxvw6jt69d1.jpeg,SameBackground3978,11828.0,6521.0,200.0,5,10,2024-06-27 22:08:39
go ahead,8,https://i.redd.it/jltda33mq69d1.png,jimisaname,6819.0,6280.0,679.0,23,2,2024-06-27 21:49:45
Is this too niche?,18,https://i.redd.it/ay5ydb1hp69d1.jpeg,x_3thereal,1612.0,275.0,217.0,0,1,2024-06-27 21:43:23
The worst feeling,17,https://i.redd.it/txvvaorfn69d1.jpeg,LayJaly,76725.0,22631.0,251.0,21,0,2024-06-27 21:31:57
I'm killing bro myself at this point ,37,https://i.redd.it/esw21zqxm69d1.jpeg,pletskoo_,23184.0,6407.0,1366.0,54,1,2024-06-27 21:29:09
When u go to sleep at the time ur parents wake up,49,https://i.redd.it/gx0wpz2rl69d1.jpeg,maddyplayz4645,2789.0,280.0,214.0,29,1,2024-06-27 21:22:31
who's with me?,14,https://i.redd.it/99xejwykk69d1.png,thmm222,6217.0,1837.0,2154.0,59,3,2024-06-27 21:16:14
A perfect world,15,https://i.redd.it/23bsh87ui69d1.jpeg,TheOneWhoShidAndCame,7023.0,717.0,581.0,26,2,2024-06-27 21:06:11
SpongeBob's just cooler,23,https://i.redd.it/reeyxrhri69d1.jpeg,Ocean_Sure811,15701.0,7963.0,642.0,2,2,2024-06-27 21:05:46
More people should do this,26,https://i.redd.it/dhhgdh2eh69d1.png,SomeoneMilkMan,3032.0,312.0,103.0,26,7,2024-06-27 20:58:21
Return of the king! The Floppy Disk is back on the menu boys!,61,https://i.redd.it/ipl8jtm0g69d1.jpeg,TheMcknightrider,8214.0,7319.0,144.0,42,4,2024-06-27 20:50:21
why in god's name did I make this ðŸ’€,35,https://i.redd.it/pm8ga3z4d69d1.jpeg,Radiant-North-8519,2004.0,947.0,1314.0,0,2,2024-06-27 20:34:26
Their souls will haunt you forever.,35,https://i.redd.it/1w2mu7xda69d1.jpeg,TuxedoGlasses,4246.0,843.0,3587.0,0,2,2024-06-27 20:18:48
The best use I can think of for this meme,41,https://i.redd.it/b8t03r1g669d1.jpeg,Zealousideal-Cry3418,8595.0,5100.0,1026.0,7,0,2024-06-27 19:56:44
Enough wisdom for today,23,https://i.redd.it/603u294x569d1.jpeg,manish787898,17354.0,817.0,1724.0,56,6,2024-06-27 19:53:53
Anyone else running into this problem? ,39,https://i.redd.it/9l304pfq569d1.jpeg,Adamc474892,20289.0,6315.0,1570.0,22,5,2024-06-27 19:52:43
"In fairness, The Legend of Korra, for all its faults, is significantly better than Megamind Rules.",98,https://i.redd.it/jbyhoxe4c59d1.jpeg,Unlikely-Friend-5108,87457.0,28302.0,418.0,19,0,2024-06-27 19:35:21
You can run but you can't hide ...,34,https://i.redd.it/n9qc60ta269d1.jpeg,daddyDAUA,76604.0,2429.0,1518.0,6,6,2024-06-27 19:33:32
I donâ€™t think weâ€™re doing it right,34,https://i.redd.it/qo6kr7ao069d1.jpeg,SuperAlex25,484906.0,94412.0,1769.0,11,0,2024-06-27 19:24:22
I was abducted and transported to a new world,45,https://i.redd.it/b8anmcqey59d1.jpeg,Embarrassed-Mouse-49,211999.0,64021.0,1288.0,28,1,2024-06-27 19:11:40
The perfect combination,23,https://i.redd.it/wispud10y59d1.jpeg,tycooperaow,189544.0,39831.0,2212.0,0,1,2024-06-27 19:09:24
That face you make whenâ€¦,24,https://i.redd.it/dgkj3tiyw59d1.jpeg,smashdelete,9006.0,7103.0,1789.0,0,2,2024-06-27 19:03:32
He will be a great actor ,25,https://i.redd.it/imlvl1d6v59d1.jpeg,breaktheads123,55082.0,2464.0,805.0,10,5,2024-06-27 18:53:33
Can't deepfake hard work.,25,https://i.redd.it/dzyfsv81v59d1.png,Anonmousez,5409.0,1618.0,529.0,15,1,2024-06-27 18:53:12
He not like us,14,https://i.redd.it/7nkcn7t9t59d1.jpeg,Loud-Ad-2280,450296.0,54835.0,1148.0,2,4,2024-06-27 18:42:52
live.learn.adapt.,17,https://i.redd.it/ytgsjdktn59d1.jpeg,gorgeousfemale69,5300.0,1630.0,22.0,32,0,2024-06-27 18:12:50
The real reason Justin Timberlake had a DUI ,44,https://i.redd.it/d82re2aen59d1.jpeg,edgy_secular_memes,242906.0,30795.0,2653.0,18,2,2024-06-27 18:09:56
Studying with dad,17,https://i.redd.it/chnnjyrdn59d1.jpeg,WolfTamer99,975.0,152.0,331.0,0,0,2024-06-27 18:09:51
"I don't know why, but scrolling to the left just doesn't do it for me. ",71,https://i.redd.it/0ueefx41m59d1.jpeg,DiekeDrake,157363.0,140822.0,2048.0,19,2,2024-06-27 18:02:17
It's going to happen one day. I hope it will be a good one.,59,https://i.redd.it/qtdivbkok59d1.png,Dramatic_Material_56,35338.0,10870.0,1292.0,51,8,2024-06-27 17:55:17
My gaming setup fears me,24,https://i.redd.it/k7gaw7xh059d1.jpeg,Mustardgang22,1996.0,1369.0,1371.0,80,4,2024-06-27 16:01:35
imagine failing history because of this,39,https://i.redd.it/rykjidfwu49d1.jpeg,cutie_lady,2412.0,370.0,88.0,67,2,2024-06-27 15:31:02
Daily Nichijou meme #2266,25,https://i.redd.it/k7pgsydgr49d1.jpeg,Holofan4life,12750271.0,334889.0,2760.0,1,0,2024-06-27 15:10:54
Indie Animation Starter Pack,28,https://i.redd.it/80tv0rh1p49d1.png,PAT_ball5230,3098.0,1030.0,295.0,5,2,2024-06-27 14:58:20
Nobody: Absolutely nobody: Not a single fucking soul:,53,https://i.redd.it/pdb4k1ulo49d1.png,deiqdos749,744.0,572.0,43.0,8,1,2024-06-27 14:54:58
"It's hard when your favorite site switches things up, isn't it?",63,https://i.redd.it/4nwcm6gfm49d1.jpeg,Reciter5613,89594.0,13357.0,3074.0,8,4,2024-06-27 14:44:10
Try the new Crimpy Patty!,25,https://i.redd.it/gl5y85lmj49d1.jpeg,Pharaokay,50825.0,2033.0,1481.0,7,0,2024-06-27 14:27:38
Oopsies,7,https://i.redd.it/m1cf2tz3j49d1.jpeg,kevrose14,28112.0,20677.0,3039.0,18,0,2024-06-27 14:24:08
Tiny pocket,11,https://i.redd.it/7ev03o18h49d1.jpeg,i3ahab,10911.0,615.0,1421.0,74,7,2024-06-27 14:13:51
Like wtf is a clockwork zoo???,30,https://i.redd.it/svjrfc5o949d1.jpeg,ElectroGgamer,5889.0,2933.0,414.0,15,1,2024-06-27 13:31:14
This show just canâ€™t catch a break,34,https://i.redd.it/foi63noc549d1.jpeg,T_E-T_H,39799.0,29534.0,118.0,14,1,2024-06-27 13:07:01
We all have that one discord,28,https://i.redd.it/i9k4havp249d1.jpeg,derpy_derp15,103820.0,85388.0,1966.0,13,0,2024-06-27 12:52:15
7 out of 10 Americans still donâ€™t know the difference between fren and bebe,75,https://i.redd.it/zvttcq1h249d1.jpeg,monsieurLeMeowMeow,195565.0,7110.0,913.0,0,9,2024-06-27 12:50:53
Ending up with a soggy bread coating is no fun,46,https://i.redd.it/7r611oj3z39d1.jpeg,TheSmallestPlap,26982.0,15999.0,674.0,15,1,2024-06-27 12:31:57
Don't worry New York you still got the Giants and Jets right?,61,https://i.redd.it/iu6uii1ix39d1.jpeg,CombProfessional434,52588.0,9440.0,1204.0,51,7,2024-06-27 12:23:00
Duality if man,14,https://i.redd.it/6alto7cgt39d1.jpeg,darkisdesire,7270.0,577.0,1828.0,5,0,2024-06-27 12:00:20
Imitation game,14,https://i.redd.it/dazo1sc3q39d1.jpeg,AASeven,124895.0,34125.0,1948.0,59,1,2024-06-27 11:41:35
"Nothing against gamers, just thought this was funny so I made it!",65,https://i.redd.it/j7fi6ok4i39d1.jpeg,Rabbidraccoon18,354233.0,42525.0,1196.0,3,5,2024-06-27 10:56:51
Redditors when suburb (has never experienced living in box apartments or concrete holes in the wall),100,https://i.redd.it/1qn3hpqk939d1.jpeg,RinRinDoof,83175.0,28321.0,452.0,0,50,2024-06-27 10:09:03
Another meme about Europeans ,29,https://i.redd.it/4wq58vd2739d1.jpeg,TOFFA04,12812.0,7554.0,1313.0,28,5,2024-06-27 09:54:50
yes; yes you will be,20,https://i.redd.it/8cw3b5vxy29d1.png,AmpovHater,24082.0,4313.0,272.0,85,10,2024-06-27 09:09:43
Lies and slander,16,https://i.redd.it/nt41i9wpu29d1.jpeg,h00kerspit,6149.0,937.0,1387.0,59,12,2024-06-27 08:45:38
ok just hear me out though,26,https://i.redd.it/drjssc7or29d1.png,dork_toast,472.0,219.0,1635.0,25,2,2024-06-27 08:28:35
Not all jokes land well. Read the rules. ,41,https://i.redd.it/187ljre0p29d1.jpeg,cursed_mango,1640.0,214.0,1608.0,5,3,2024-06-27 08:13:39
It's not the same,17,https://i.redd.it/vb6us8vin29d1.png,manofculture200,1363.0,635.0,1522.0,43,8,2024-06-27 08:05:31
Siri wilding.,13,https://i.redd.it/clnwij5ki29d1.jpeg,sinnohstarter390,39334.0,248.0,1415.0,28,2,2024-06-27 07:37:30
"Life is worth living, guys",26,https://i.redd.it/lbxgvwpci29d1.jpeg,Next-Chemist2443,22213.0,4258.0,768.0,18,1,2024-06-27 07:36:19
OP. Randomly appeared in my feed.,33,https://i.redd.it/fak47k2ne29d1.png,arinc9,50203.0,26856.0,2981.0,26,2,2024-06-27 07:15:57
Jackpot!,8,https://i.redd.it/oxi6la29e29d1.png,Substantial_Tax_7595,927.0,297.0,138.0,48,1,2024-06-27 07:13:23
We fixed the glitch...problem's solved from our end,51,https://i.redd.it/rb69dag6c29d1.png,russellmzauner,48354.0,34670.0,2711.0,47,1,2024-06-27 07:06:23
THE CRASH,9,https://i.redd.it/b6ly0fsax19d1.jpeg,No_Run4263,2999.0,796.0,533.0,21,3,2024-06-27 05:38:21
Waking up after 30 years in a coma be like...,45,https://i.redd.it/7o7i2xgut19d1.jpeg,C0C0Wheat,3361.0,208.0,79.0,0,33,2024-06-27 05:19:36
"hmmmm, trial by stone",21,https://i.redd.it/5rckm4ynn19d1.jpeg,biggerppgfan,68991.0,2087.0,199.0,5,2,2024-06-27 04:44:43
Stuck on stage one,18,https://i.redd.it/s9gdb66gj19d1.jpeg,MediocreGenius69,8997.0,3580.0,394.0,46,5,2024-06-27 04:20:44
I've never had so much power.,29,https://i.redd.it/tyjjxe4hd19d1.png,Mobile-Opinion7330,13268.0,11256.0,1237.0,14,2,2024-06-27 03:47:13
This guy reaction,17,https://i.redd.it/lfj2bjpzc19d1.jpeg,StrainObjective8615,908.0,408.0,1180.0,5,2,2024-06-27 03:44:52
Fate worse than death,21,https://i.redd.it/8r5jcm64c19d1.png,Zeroshame14,61086.0,15287.0,1955.0,59,4,2024-06-27 03:39:38
Valhalla I'm coming ,20,https://i.redd.it/5v512eprb19d1.jpeg,Deathblade_311,223361.0,157017.0,1058.0,30,9,2024-06-27 03:37:39
Just fixed mental health problems...,36,https://i.redd.it/mz5wjccc019d1.jpeg,LuraziusTwitch,53725.0,13965.0,119.0,14,13,2024-06-27 02:33:36
In my opinion of course. :),27,https://i.redd.it/o13asiowz09d1.jpeg,sadpastlife,122505.0,13184.0,507.0,0,7,2024-06-27 02:32:45
Dating is a fun game,20,https://i.redd.it/6upof2fzx09d1.jpeg,LuraziusTwitch,53725.0,13965.0,119.0,48,2,2024-06-27 02:20:22
"Elon still hasnâ€™t perfected EVs, far from it",44,https://i.redd.it/xwk6w5uyq09d1.jpeg,MemesJihad,31207.0,7294.0,114.0,0,88,2024-06-27 01:41:03
"that's how it works, right?",27,https://i.redd.it/267clvnfj09d1.jpeg,iron2099yt,8172.0,4119.0,1086.0,54,2,2024-06-27 00:58:50
Aliens Gon' Steal Our Cattle!,29,https://i.redd.it/fq6s0tz1j09d1.jpeg,Flashlight237,91519.0,8228.0,3524.0,6,0,2024-06-27 00:57:07
She's a national treasure...,28,https://i.redd.it/drjlklmua09d1.jpeg,_LLORT_NAISSUR_,11520.0,5492.0,1269.0,0,11,2024-06-27 00:10:42
God Save Us All,15,https://i.redd.it/4if52ccm509d1.jpeg,Nomenous_Quandary,3321.0,3113.0,228.0,19,3,2024-06-26 23:41:23
I got you a little something...,31,https://i.redd.it/3knlxjpf409d1.png,fistpumpwhat,11412.0,7399.0,4837.0,23,2,2024-06-26 23:35:12
"Doc, take a seat right there..",30,https://i.redd.it/bxwb3zte009d1.jpeg,grey_geist1,3318.0,244.0,546.0,30,0,2024-06-26 23:12:14
Advice used to practical now it's all just decorative.,54,https://i.redd.it/hmp4003pxz8d1.jpeg,Waitingforlunch,118527.0,1728.0,2713.0,29,3,2024-06-26 22:59:25
I'm an easy target,18,https://i.redd.it/1q8d81mkwz8d1.jpeg,newroeliedude554,121843.0,22019.0,1855.0,26,1,2024-06-26 22:50:40
And here we go again!,21,https://i.redd.it/x7smn5t3uz8d1.jpeg,SemiSentientGarbage,298051.0,217384.0,930.0,14,7,2024-06-26 22:36:52
Best of both worlds,19,https://i.redd.it/pfvv5h8zpz8d1.jpeg,Coralthesequel,197136.0,12983.0,1518.0,5,0,2024-06-26 22:13:53
Sharing a drink with your old man... One of the best feelings in the world.,75,https://i.redd.it/6gd9gsakpz8d1.jpeg,RyanCreamer202,77544.0,57568.0,1388.0,43,15,2024-06-26 22:11:24
The cycle never stops lol,25,https://i.redd.it/vwavqiphpz8d1.jpeg,Purpledratini,10607.0,3224.0,45.0,20,1,2024-06-26 22:10:59
Who keeps coming up with these man-made horrors and thinking they're a good idea?,81,https://i.redd.it/gqlwk9ilnz8d1.jpeg,KarlosGeek,81169.0,76814.0,1966.0,89,10,2024-06-26 22:01:26
Mmm pain,8,https://i.redd.it/9n2tuz9fnz8d1.jpeg,wayward_vampire,9500.0,746.0,724.0,42,1,2024-06-26 21:59:24
All Day Every Day,17,https://i.redd.it/l6dyhvu1nz8d1.jpeg,serial-hobbyist52,321.0,157.0,292.0,29,0,2024-06-26 21:57:21
It ain't easy being whiteee,27,https://i.redd.it/0ta8p0i8iz8d1.jpeg,wombatador,128217.0,5229.0,3661.0,24,1,2024-06-26 21:33:51
Wtf is wrong on germany?,24,https://i.redd.it/8qambw4oiz8d1.jpeg,Th3D0ct0rWh0,7526.0,3119.0,1910.0,0,7,2024-06-26 21:32:46
Close the door mom,18,https://i.redd.it/ag178l6jbz8d1.jpeg,Feeling-Salamander88,12404.0,984.0,628.0,57,5,2024-06-26 20:52:46
No in between ,14,https://i.redd.it/r1gt702caz8d1.jpeg,alpaca-the-llama,111004.0,16116.0,1953.0,71,10,2024-06-26 20:46:02
New Doc album just dropped.,27,https://i.redd.it/n78mgu419z8d1.png,PinchCactus,2026.0,206.0,1212.0,14,1,2024-06-26 20:39:41
I'm no vegan to touch grass.,28,https://i.redd.it/ocgwa7808z8d1.jpeg,Detterius,129789.0,7686.0,410.0,91,7,2024-06-26 20:34:38
"My entire feed rn, can't you guys talk about anything else.",59,https://i.redd.it/w9i2rbbk2z8d1.jpeg,rorikenL,35330.0,20565.0,1718.0,97,39,2024-06-26 20:02:30
Kaboom? ,8,https://i.redd.it/tbngksz82z8d1.jpeg,Morty_Pope,4056.0,2025.0,205.0,11,1,2024-06-26 20:00:44
This is getting stupid,22,https://i.redd.it/qgxze6hu1z8d1.jpeg,SameBackground3978,11828.0,6521.0,200.0,13,2,2024-06-26 19:58:29
They are really good in my opinion ,35,https://i.redd.it/r0jyl6msyy8d1.jpeg,akmats,1352.0,1079.0,38.0,0,5,2024-06-26 19:41:21
It is almost over I promise,27,https://i.redd.it/dtzr88xfvy8d1.jpeg,Kinky_Nipplebear,32344.0,28224.0,826.0,0,0,2024-06-26 19:22:36
My autistic trait is that I don't understand economics,54,https://i.redd.it/nbyh560kuy8d1.jpeg,Autumn_225_,,,,46,12,2024-06-26 19:17:59
But which one is saying it ,27,https://i.redd.it/jjlmfsqjuy8d1.jpeg,phunn101,8007.0,545.0,3510.0,0,1,2024-06-26 19:17:33
They are taking the hobbits to yabba dabba doo!,47,https://i.redd.it/nizdc8fsty8d1.jpeg,oranke_dino,737657.0,50434.0,1006.0,41,3,2024-06-26 19:13:19
MS Dos Rom Hack When?,21,https://i.redd.it/yy5cbzbaty8d1.jpeg,Flashlight237,91519.0,8228.0,3524.0,23,3,2024-06-26 19:11:35
Am I the only one?,18,https://i.redd.it/rrkhev9wsy8d1.jpeg,Littlekiller0320,39478.0,17173.0,1940.0,80,11,2024-06-26 19:08:17
Actually happened with me but with a steam account,50,https://i.redd.it/cvj8thpgry8d1.jpeg,joseph-keen-1,8598.0,572.0,193.0,20,4,2024-06-26 19:00:15
So much faith to write a whole-ass essay on a 3-day-old post,60,https://i.redd.it/366s4hfaoy8d1.png,No_Bank,13900.0,6273.0,2252.0,24,8,2024-06-26 18:43:00
Summertime rules,16,https://i.redd.it/9k6xl9r9oy8d1.jpeg,AdBulky6016,9046.0,896.0,1247.0,38,2,2024-06-26 18:42:22
Comfortable,11,https://i.redd.it/ahprez5pmy8d1.png,MavTheDuck,1994.0,155.0,118.0,33,4,2024-06-26 18:33:46
There's Always Two Types Of Fans,32,https://i.redd.it/i556utaeky8d1.jpeg,Unable-Difference-55,27365.0,11287.0,841.0,5,2,2024-06-26 18:20:39
"I mean, how can you cook when you're always out?",48,https://i.redd.it/vkyqde28dy8d1.jpeg,Yakuza-wolf_kiwami,123690.0,70188.0,1365.0,32,5,2024-06-26 17:40:27
Never Meet Your Heroes,22,https://i.redd.it/jns13lxrcy8d1.png,GavinJWhite,2915.0,765.0,2420.0,17,1,2024-06-26 17:38:34
Campfire Cooking in Another World With My Absurd Skill,54,https://i.redd.it/1azeg98a6y8d1.png,saddom_,37214.0,20319.0,1975.0,33,2,2024-06-26 17:02:51
In its name we pray,19,https://i.redd.it/dwgqcw3wwx8d1.jpeg,Daetok_Lochannis,62291.0,56964.0,703.0,54,3,2024-06-26 16:08:54
Stop yelling at me!,19,https://i.redd.it/xg7acxmpux8d1.jpeg,Stupid_Reddit419,27499.0,6099.0,496.0,46,1,2024-06-26 15:56:41
i wonder what happened to me,28,https://i.redd.it/cqmz3ttgtx8d1.jpeg,i_was_pizza,2947.0,154.0,70.0,11,0,2024-06-26 15:49:45
"Not my hours of traffic going down, I can't take this anymore",61,https://i.redd.it/4yp9c64zqx8d1.jpeg,mcfapblanc,21218.0,15645.0,1439.0,2,1,2024-06-26 15:35:47
NO WAY ðŸ˜³,8,https://i.redd.it/4h423nd1ox8d1.jpeg,KadzYT,62557.0,3408.0,1899.0,24,2,2024-06-26 15:19:19
i cant dance:(,14,https://i.redd.it/d2bfqdeolx8d1.jpeg,SameBackground3978,11828.0,6521.0,200.0,35,14,2024-06-26 15:08:00
Always look at the bright side of life ,39,https://i.redd.it/w6ouh2lt7x8d1.jpeg,93devil,92298.0,74754.0,3644.0,21,0,2024-06-26 13:48:25
Daily Nichijou meme #2265,25,https://i.redd.it/cpf2bfl17x8d1.jpeg,Holofan4life,12750271.0,334889.0,2760.0,5,1,2024-06-26 13:44:01
I'm sure it's just tue developers gave them a copy early but still tuese guys are fast,86,https://i.redd.it/srppt94k3x8d1.jpeg,ibnugamingyt12,84132.0,16307.0,1432.0,72,6,2024-06-26 13:24:30
"""Don't do it"" does it anyway",28,https://i.redd.it/zfaj98983x8d1.jpeg,arnecrafter,37525.0,17228.0,1633.0,47,6,2024-06-26 13:22:48
I'm don't have any fucks left to give.,38,https://i.redd.it/ctelym8vzw8d1.jpeg,arnecrafter,37525.0,17228.0,1633.0,21,39,2024-06-26 13:03:57
The real people to envy,23,https://i.redd.it/yqqadg9oxw8d1.jpeg,TheApollo222,82185.0,47723.0,244.0,90,5,2024-06-26 12:51:30
Typosquatting websites are the worst,36,https://i.redd.it/k17cwvxusw8d1.jpeg,username09876567890,7539.0,1699.0,1576.0,90,13,2024-06-26 12:24:38
Tomato soup,11,https://i.redd.it/ffvxa40wjw8d1.png,Noriel_Sylvire,5962.0,4239.0,2294.0,39,2,2024-06-26 11:34:15
If i was a bad b*tch Iâ€™d wanna f..k me too,42,https://i.redd.it/ve1m9p16jw8d1.jpeg,fvck_society,28087.0,4700.0,412.0,51,3,2024-06-26 11:30:12
I spit in your general direction,32,https://i.redd.it/7gmtfy39iw8d1.png,PinguFella,39909.0,7714.0,135.0,0,33,2024-06-26 11:25:22
Mission: Survive,16,https://i.redd.it/yntazdgxdw8d1.jpeg,username09876567890,7539.0,1699.0,1576.0,37,1,2024-06-26 11:00:54
Nerd moment,11,https://i.redd.it/m7tg1bg08w8d1.jpeg,Flaviphone,316272.0,47263.0,906.0,75,3,2024-06-26 10:27:41
"
The other person never arrived in 5 minutes xD
",48,https://i.redd.it/nkq4c165xv8d1.png,alexapaul11,4178.0,284.0,324.0,95,8,2024-06-26 09:26:48
Spit on that thang,18,https://i.redd.it/l8k1p5hetv8d1.jpeg,Xilbert0,21937.0,5394.0,599.0,0,13,2024-06-26 09:05:46
me showing my mom affection be like,35,https://i.redd.it/zk29jp2pav8d1.jpeg,Rat_King_Supremacy,5322.0,1745.0,225.0,17,1,2024-06-26 07:20:56
Delivery food order,19,https://i.redd.it/7obdjzfguu8d1.jpeg,Starynight_11,255923.0,745.0,1565.0,64,7,2024-06-26 05:49:56
Sounds about right?,19,https://i.redd.it/ga3mge79qu8d1.jpeg,QuantumContactee,255.0,104.0,309.0,23,9,2024-06-26 05:26:36
Hawk thua be like ,18,https://i.redd.it/v581as1snu8d1.jpeg,Captain_Chaos12,12749.0,10737.0,383.0,0,11,2024-06-26 05:12:29
Like every single time,22,https://i.redd.it/xex7x8ppnu8d1.jpeg,SteeeeveJune,8282.0,499.0,370.0,5,2,2024-06-26 05:12:08
"Why, why, why, why???? Who are you helping?",43,https://i.redd.it/usz219bjnu8d1.png,cross-boss,11698.0,2753.0,71.0,89,10,2024-06-26 05:11:29
Squidward,9,https://i.redd.it/18638vrchu8d1.jpeg,Algien_nosequien,2339.0,673.0,282.0,36,5,2024-06-26 04:36:44
Reminds of that brief period the internet was nothing but Fast and Furious family memes,87,https://i.redd.it/szx6ypoadu8d1.jpeg,Coffin_Builder,32250.0,4058.0,110.0,44,11,2024-06-26 04:13:44
Iâ€™ll do it when I do it,23,https://i.redd.it/j85m3ox7du8d1.jpeg,yinyanghapa,29749.0,23765.0,2353.0,20,5,2024-06-26 04:13:18
Is this true?,13,https://i.redd.it/ryi0hro4du8d1.jpeg,Critical-Kangaroo-17,6756.0,551.0,271.0,0,6,2024-06-26 04:12:47
Horseball sounds better than polo,33,https://i.redd.it/na925ehu2u8d1.jpeg,ShrimpSherbet,22505.0,19602.0,243.0,41,4,2024-06-26 03:15:10
"Yup, 2027 is going to be wild ",30,https://i.redd.it/humfvqe9vt8d1.jpeg,bountyhunterfromhell,614151.0,22369.0,1762.0,51,5,2024-06-26 02:32:38
3 years in the making...,24,https://i.redd.it/7l2reaf0mt8d1.jpeg,sussybaka1010,5315.0,2604.0,972.0,23,2,2024-06-26 01:40:47
Post Nut Clarity,16,https://i.redd.it/ysvfiotmlt8d1.jpeg,ronsvanson,73921.0,3826.0,1269.0,26,1,2024-06-26 01:38:42
"Gone, reduced to texts",22,https://i.redd.it/mijph34pjt8d1.png,PrestigiousSystem713,1391.0,439.0,90.0,31,1,2024-06-26 01:29:58
"So hard to find something that fits, why is this so difficult",61,https://i.redd.it/c1xwi9rvjt8d1.jpeg,Waitingforlunch,118527.0,1728.0,2713.0,67,7,2024-06-26 01:29:27
I remember hearing it Hela muchâ€¦,32,https://i.redd.it/mi1d5mkoht8d1.jpeg,Ninja_Conspicuousi,44511.0,30313.0,2360.0,17,2,2024-06-26 01:16:31
They are the same.,18,https://i.redd.it/nirpud3fgt8d1.jpeg,EarthNorabodee,3138.0,384.0,509.0,27,2,2024-06-26 01:09:30
Stupid El NiÃ±o winter,21,https://i.redd.it/z2c2vs299t8d1.jpeg,MildlyCross-eyed,29211.0,21393.0,435.0,45,7,2024-06-26 00:29:16
"Every time I had cereal as a kid, I was a sweet boy.",52,https://i.redd.it/vjbk0to29t8d1.jpeg,HCJohnson,652951.0,352689.0,3898.0,35,8,2024-06-26 00:28:59
It was a hell of a level,24,https://i.redd.it/8qmbyqjf4t8d1.jpeg,RayquazaAndDeoxysFan,17048.0,1758.0,58.0,18,1,2024-06-26 00:02:22
Did something cause this,24,https://i.redd.it/kovtt6yx3t8d1.png,DWYNZ,46294.0,10562.0,1329.0,24,6,2024-06-25 23:59:39
Intellecc,9,https://i.redd.it/we1buv8izs8d1.jpeg,username09876567890,7539.0,1699.0,1576.0,51,0,2024-06-25 23:34:41
Why does no one listen to Depeche anymore?,42,https://i.redd.it/udundtievs8d1.jpeg,Master_Combinator,22668.0,1047.0,1836.0,27,5,2024-06-25 23:11:40
Me when I see them aliens,25,https://i.redd.it/reycouj2vs8d1.jpeg,djheroboy,9112.0,7031.0,1985.0,49,1,2024-06-25 23:09:48
That's the anthem get'cha damn hands up!,40,https://i.redd.it/ohe3jsd8qs8d1.jpeg,Yorgonemarsonb,22779.0,22552.0,713.0,0,0,2024-06-25 22:42:57
AI: Must make paperclips!!,26,https://i.redd.it/d53py7d0ms8d1.png,NefariousnessFit9350,19511.0,8297.0,503.0,23,4,2024-06-25 22:19:24
An ancient relic from my childhood ,35,https://i.redd.it/l9jh2q2qks8d1.jpeg,RyanCreamer202,77544.0,57568.0,1388.0,86,10,2024-06-25 22:12:16
If only. ,9,https://i.redd.it/jc29d7zcjs8d1.jpeg,send_me_a_quarter,23458.0,3719.0,1513.0,40,1,2024-06-25 22:04:10
Childhood was smthn else,24,https://i.redd.it/8yx2zpc9as8d1.jpeg,GHOSTGAMER0017,2380.0,441.0,1521.0,4,2,2024-06-25 21:13:10
Does this happen to anyone else? Or am I the main character?,60,https://i.redd.it/x28l3ixh9s8d1.jpeg,NazDalmighty,1996.0,1014.0,2347.0,51,11,2024-06-25 21:09:17
Spit in that thang.,19,https://i.redd.it/ik1tx6al5s8d1.jpeg,Grathmaul,11162.0,10813.0,1043.0,0,13,2024-06-25 20:46:58
Probably a minorrrrr,20,https://i.redd.it/24yfx2ts2s8d1.png,Public-Sympathy-4924,3325.0,770.0,193.0,0,1,2024-06-25 20:31:21
Time for an all-nighter ig,26,https://i.redd.it/0mtr86gl2s8d1.jpeg,username09876567890,7539.0,1699.0,1576.0,46,1,2024-06-25 20:30:11
One for the UK members,22,https://i.redd.it/s7ddn1th2s8d1.jpeg,JamesFrankland,1648.0,407.0,164.0,25,4,2024-06-25 20:29:37
It doesn't look like witch's stew anymore!,42,https://i.redd.it/u6p862lvsr8d1.png,PeopleAreBozos,181060.0,130454.0,999.0,35,1,2024-06-25 19:36:05
It's that time again,20,https://i.redd.it/vlj2aip8rr8d1.jpeg,shrimpster102,3861.0,2248.0,1830.0,65,2,2024-06-25 19:26:33
This is why movies have to make twice their budget back(Furiosa),64,https://i.redd.it/dlbgemjzqr8d1.jpeg,Cool-Dog-49,6508.0,587.0,1349.0,14,0,2024-06-25 19:25:12
We all know someone,19,https://i.redd.it/62igv1pumr8d1.jpeg,lucadoo,4750.0,348.0,1546.0,9,2,2024-06-25 19:01:57
Shame on him,12,https://i.redd.it/m6dh6uakhr8d1.jpeg,oO1warrior1Oo,2095.0,553.0,22.0,23,2,2024-06-25 18:32:18
How do they do it?,18,https://i.redd.it/bs1t2eopfr8d1.jpeg,Alternative_Mode9972,8073.0,4766.0,1043.0,93,1,2024-06-25 18:21:56
Aaw heil yea...this is what I've always dreamed of...***Furiosa spoiler***,74,https://i.redd.it/d8estheqdr8d1.jpeg,TheZephyr2003,28941.0,1509.0,1053.0,0,0,2024-06-25 18:10:51
Currently my state,18,https://i.redd.it/u2j18grg9r8d1.jpeg,danielskibelski,27703.0,4539.0,1556.0,35,12,2024-06-25 17:46:54
Spit on those thangs,20,https://i.redd.it/ri2ty48u7r8d1.jpeg,Remarkable-Book-8758,20849.0,17596.0,1027.0,0,5,2024-06-25 17:37:48
Wikipedia articles differ,25,https://i.redd.it/wpghfjba5r8d1.jpeg,Stfvrn,2635.0,375.0,576.0,31,6,2024-06-25 17:23:30
They target me ,15,https://i.redd.it/qdwpmpx44r8d1.jpeg,FourthBedrock,4994.0,2781.0,67.0,40,0,2024-06-25 17:17:03
Leave the Mouse alone.,22,https://i.redd.it/lmpfbbem3r8d1.jpeg,MousegetstheCheese,16616.0,11690.0,56.0,33,7,2024-06-25 17:14:10
I'm every time,14,https://i.redd.it/uc88lztp0r8d1.png,ValeryBabeOF,1555.0,1008.0,33.0,46,1,2024-06-25 16:57:56
dry meme alert,14,https://i.redd.it/zjezdy13uq8d1.png,Ryuk_90,5088.0,2020.0,448.0,12,7,2024-06-25 16:21:02
(direct quote)ðŸ’€ðŸ’€ðŸ’€ðŸ’€ðŸ’€,19,https://i.redd.it/25zbwi0eqq8d1.png,The_VeryCoolsusDude,13800.0,843.0,1164.0,29,4,2024-06-25 16:04:21
"When the TikTok is staged, but you still laughing:",50,https://i.redd.it/ur2zeo2voq8d1.jpeg,Z0idberg_MD,898518.0,882102.0,4564.0,4,0,2024-06-25 15:51:31
The people who are comming for the programmers' jobs!,53,https://i.redd.it/4dlnz7ycoq8d1.png,Severin_Suveren,126103.0,94897.0,539.0,6,0,2024-06-25 15:48:50
My personal progression in meme making,38,https://i.redd.it/kh9sqctsjq8d1.jpeg,3Nephi11_6-11,28717.0,18628.0,969.0,18,1,2024-06-25 15:24:40
Daily Nichijou meme #2264,25,https://i.redd.it/piv6dnmdeq8d1.jpeg,Holofan4life,12750271.0,334889.0,2760.0,18,0,2024-06-25 14:52:39
I Need The Cactus !!!!,22,https://i.redd.it/et33vnag9q8d1.jpeg,IMDAVESBUD,53204.0,27461.0,1135.0,11,8,2024-06-25 14:25:03
The app can't just let you use the old version for 5 seconds?,61,https://i.redd.it/nbe47el63q8d1.jpeg,MattapoisettPatton27,54619.0,10332.0,1032.0,40,2,2024-06-25 13:49:57
"Farming and grinding games are very good with this, and single player games where finishing a collection or side quest gives you a small reward. ",145,https://i.redd.it/17m54b3axp8d1.jpeg,JohannesJoshua,76849.0,62780.0,678.0,23,3,2024-06-25 13:19:31
"Metre, Meter i dunno anymore",28,https://i.redd.it/ywpy6s8nsp8d1.png,AlfaBabo,2927.0,2796.0,1320.0,80,7,2024-06-25 12:51:22
I am batman,11,https://i.redd.it/6j0runpjpp8d1.jpeg,Feeling-Salamander88,12404.0,984.0,628.0,57,3,2024-06-25 12:33:31
I'm seeing double! Four Towers!,31,https://i.redd.it/rnukfxoqkp8d1.png,MurkyWay,3393700.0,155082.0,3468.0,16,3,2024-06-25 12:07:02
"""The plush was canceled for being to sexy, and there has been a great effort to find it... no progress has been made in the search for 12 years"" *que forensic files theme*",171,https://i.redd.it/9ybh1viiip8d1.jpeg,Spookinoot,88421.0,35496.0,223.0,37,0,2024-06-25 11:54:04
I'm really not sure if my taste just sucks,42,https://i.redd.it/heeeutdkgp8d1.jpeg,Lord_Detleff1,233389.0,162516.0,1053.0,54,11,2024-06-25 11:43:09
Victorian persons encounter with a biblically accurate angel,60,https://i.redd.it/s4f6b85kep8d1.jpeg,supersologamer,9454.0,7953.0,1352.0,1,5,2024-06-25 11:31:54
It do be like that these days.,30,https://i.redd.it/0dhpwqgh5p8d1.jpeg,FullAir4341,40999.0,32052.0,1319.0,71,2,2024-06-25 10:41:03
womb baby prefers,17,https://i.redd.it/ip4lpaxc3p8d1.png,groggmaestro,1603.0,978.0,237.0,54,11,2024-06-25 10:29:08
This is just hilarious ðŸ¤£ðŸ¤£ðŸ¤£,26,https://i.redd.it/mk9rwwkhvo8d1.jpeg,ZhangMooMoo,8863.0,2282.0,851.0,0,7,2024-06-25 09:45:00
Trell Mit,9,https://i.redd.it/ihg4myqbuo8d1.jpeg,Kelvin8R3ooo,59087.0,8921.0,1582.0,0,0,2024-06-25 09:38:31
Enjoy your next holiday in the heck.,36,https://i.redd.it/jmsn4bmhso8d1.jpeg,oranke_dino,737657.0,50434.0,1006.0,42,2,2024-06-25 09:28:12
look after yourself smh,23,https://i.redd.it/hzaouznfso8d1.jpeg,xrhiax,13036.0,9633.0,1587.0,38,3,2024-06-25 09:27:56
This is incredibly relatable whenever we accidentally walk in...,64,https://i.redd.it/3fbeykxrjo8d1.jpeg,spicytaii,614.0,114.0,1501.0,9,5,2024-06-25 08:40:26
PCs are fine right? RIGHT?,26,https://i.redd.it/52vf59u3eo8d1.png,lordvader002,16276.0,9178.0,453.0,13,4,2024-06-25 08:07:37
Every school does this,22,https://i.redd.it/rnes4k578o8d1.jpeg,Powerful-Cobbler1627,1889.0,434.0,210.0,20,2,2024-06-25 07:34:39
I love you too,14,https://i.redd.it/0tzgkn376o8d1.jpeg,GregosaurousRex,8369.0,3893.0,1206.0,0,7,2024-06-25 07:23:15
Cuteness aggression,19,https://i.redd.it/5qept0f26o8d1.jpeg,SuperAlex25,484906.0,94412.0,1769.0,29,3,2024-06-25 07:22:31
Dog Meme,8,https://i.redd.it/z766ri7gtn8d1.jpeg,SkinHeavy824,3057.0,2085.0,1004.0,90,2,2024-06-25 06:11:49
This is after Antony Starr revealed people treats him like Homelander IRL lmao ,79,https://i.redd.it/l2b3tu68tn8d1.jpeg,Thundergod250,329853.0,134094.0,2141.0,66,7,2024-06-25 06:11:32
MOVE!!!,7,https://i.redd.it/optbxvqysn8d1.png,FloxiRace,6780.0,3259.0,1416.0,17,6,2024-06-25 06:09:05
Treaty of Tordesillas go brrr,29,https://i.redd.it/x89l71zxsn8d1.jpeg,SoullessMemenist,132765.0,847.0,1108.0,47,1,2024-06-25 06:08:58
"Snakes like jazz, right?",24,https://i.redd.it/wwmvgay9in8d1.jpeg,DisIsDaeWae,6128.0,5500.0,995.0,27,1,2024-06-25 05:09:10
Do I hear five?,15,https://i.redd.it/86ltwwz99n8d1.jpeg,_CandidCynic_,94784.0,22941.0,401.0,7,0,2024-06-25 04:18:43
The ocean's rage is unrivaled ,30,https://i.redd.it/qp58zuyg4n8d1.png,666thSuprisedPikachu,505859.0,6755.0,1902.0,29,1,2024-06-25 03:51:47
Who's stanley,13,https://i.redd.it/6aderjut2n8d1.jpeg,Hotdog_spew,4806.0,709.0,88.0,0,3,2024-06-25 03:42:35
We are not same bro,19,https://i.redd.it/jfe8oeansm8d1.png,losing_minds,13489.0,11907.0,349.0,11,1,2024-06-25 02:45:47
The Star Wars community at the momentâ€”,38,https://i.redd.it/l1qyayk9sm8d1.jpeg,Alphycan424,37927.0,5164.0,1484.0,43,1,2024-06-25 02:43:23
What do you think ,18,https://i.redd.it/wagdemarqm8d1.jpeg,NewCartographer10,47891.0,1081.0,168.0,22,11,2024-06-25 02:34:58
Swimming don't help,19,https://i.redd.it/37qjv7q7qm8d1.jpeg,Gambler_001,42212.0,14033.0,3238.0,16,1,2024-06-25 02:31:52
What more could ya want?,24,https://i.redd.it/zhdn2d4com8d1.jpeg,bigmanly1,119133.0,97431.0,2258.0,21,0,2024-06-25 02:21:22
How it be i guess,17,https://i.redd.it/ax2mb0gimm8d1.jpeg,devil0o,284094.0,166565.0,1747.0,10,3,2024-06-25 02:11:08
"Iâ€™m not the only one who sees it, right?",40,https://i.redd.it/cdjmxrrekm8d1.jpeg,SNAILSLIVEONJUPITER,9858.0,5117.0,1447.0,22,18,2024-06-25 01:59:21
Don't let the handy guide of credit card do's and don'ts stop you. Be a rebel,77,https://i.redd.it/zcdelffqjm8d1.jpeg,hbe_bme,2286.0,1837.0,886.0,21,0,2024-06-25 01:56:23
No clue,7,https://i.redd.it/nbccv4hrhm8d1.jpeg,Nearby-Swimming-5103,7245.0,6994.0,1422.0,0,10,2024-06-25 01:44:32
shit be more moist than nikocado's ass in the summer ,53,https://i.redd.it/dtfd6371hm8d1.jpeg,the_anonymous_lee,36695.0,8599.0,65.0,87,13,2024-06-25 01:40:25
Freedom ainâ€™t free,18,https://i.redd.it/4das9znxgm8d1.jpeg,Necessary-Swing-991,2021.0,803.0,1347.0,17,8,2024-06-25 01:39:52
Cookie the Dog,14,https://i.redd.it/2f332rw5fm8d1.jpeg,Threshold216,5606.0,2984.0,2432.0,64,3,2024-06-25 01:29:57
forgot to post this like one year ago,37,https://i.redd.it/5axrqg86cm8d1.jpeg,TMSplaat_YT,1539.0,107.0,1174.0,35,5,2024-06-25 01:13:11
off the 9,9,https://i.redd.it/3vj902ln6m8d1.jpeg,Ziodyne_Ham,44959.0,10920.0,1548.0,26,6,2024-06-25 00:42:16
It actually tastes good when I eat it.,38,https://i.redd.it/wv8uz7mb3m8d1.jpeg,JacsweYT,27350.0,20448.0,1832.0,34,37,2024-06-25 00:24:05
Wyndown,7,https://i.redd.it/dfgi6ucr2m8d1.jpeg,Paimjoo,9936.0,853.0,1501.0,82,2,2024-06-25 00:20:26
Gaming meme,11,https://i.redd.it/bugsecrh0m8d1.jpeg,TWWOVG,5318.0,2943.0,266.0,19,3,2024-06-25 00:07:43
Banjo-Hawktooie,15,https://i.redd.it/ji7w5efjzl8d1.jpeg,3Din3D,5571.0,1785.0,4368.0,5,4,2024-06-25 00:02:22
I Bet He's Thinking About Other Women ,38,https://i.redd.it/59awwpw8xl8d1.jpeg,snowfalcon777,37303.0,304.0,1983.0,19,1,2024-06-24 23:49:32
Two Brain Cells Fighting for Third Place,40,https://i.redd.it/m673tfd0xl8d1.png,Nevek_Green,192615.0,80686.0,4357.0,18,16,2024-06-24 23:48:53
Playing candy crush be like,27,https://i.redd.it/0lwbkmzlsl8d1.jpeg,wise_potato23,2692.0,814.0,565.0,0,2,2024-06-24 23:23:37
Yet another CGI reboot,22,https://i.redd.it/0r1a7nwhrl8d1.png,Emmie_Lemming,1123.0,957.0,113.0,68,4,2024-06-24 23:18:16
That's why they call it the city of love,40,https://i.redd.it/8fa4a9dvql8d1.jpeg,mimi666685,1684.0,1526.0,2072.0,0,3,2024-06-24 23:13:47
â € â € â € â € â € â € â € â € â € â € â € â € â €,25,https://i.redd.it/alx3dlpsql8d1.jpeg,Mentallyinsansedude,11754.0,7067.0,439.0,0,0,2024-06-24 23:13:22
Unsuspecting ,13,https://i.redd.it/cvzs4bz8pl8d1.jpeg,OkDragonfly4098,20114.0,6263.0,85.0,1,0,2024-06-24 23:04:41
Be careful what you wish for,28,https://i.redd.it/sdc745bpll8d1.jpeg,Auhsoj753,19431.0,1374.0,1852.0,37,1,2024-06-24 22:44:50
Brussels Train station hates Gen Z?,35,https://i.redd.it/969z9antcl8d1.jpeg,jeremyjamm1995,15377.0,11995.0,1634.0,11,5,2024-06-24 21:55:07
"Skill issue, perhaps",20,https://i.redd.it/9kgi7lym6l8d1.png,PachoTidder,168361.0,146861.0,1592.0,24,2,2024-06-24 21:20:59
OMG ITS THE THING THE THING!,28,https://i.redd.it/min6l4dr4l8d1.png,JosephSubbas,22617.0,4592.0,862.0,31,2,2024-06-24 21:10:05
It's all Chris Pratt ,21,https://i.redd.it/bxzr1esu2l8d1.png,MrLozoTheSecond,18110.0,16661.0,333.0,0,4,2024-06-24 20:59:10
They need an Uber,17,https://i.redd.it/xw9w7c51zk8d1.jpeg,devoduder,61036.0,55047.0,1766.0,81,5,2024-06-24 20:37:46
I SAW IT,8,https://i.redd.it/lltae5u8yk8d1.jpeg,stuff0s,11542.0,9278.0,140.0,0,0,2024-06-24 20:33:20
"Life got me lit AF, yo",22,https://i.redd.it/x9o5srlhuk8d1.jpeg,tripflops,12043.0,4609.0,2441.0,21,0,2024-06-24 20:12:16
Wake up ,8,https://i.redd.it/nscn4qebbk8d1.jpeg,NormieFromCheers,22780.0,20274.0,1543.0,0,4,2024-06-24 18:24:49
First day of computer lab you listen to an entire lecture about how the teacher is in love with the computers,109,https://i.redd.it/rftthj1t8k8d1.jpeg,Waitingforlunch,118527.0,1728.0,2713.0,58,3,2024-06-24 18:11:07
Close Call,10,https://i.redd.it/kernr3o26k8d1.jpeg,Minus10IQ,32076.0,10595.0,804.0,62,11,2024-06-24 17:55:27
"""And God, please bless the NFL insiders, for I have no clue what they look like.""",81,https://i.redd.it/5f1skqdfyj8d1.png,SkankLover,1670.0,408.0,2677.0,2,3,2024-06-24 17:13:02
"It's on, it's on!!!",19,https://i.redd.it/6xcrpanqxj8d1.jpeg,cizelaya70,804.0,181.0,127.0,40,5,2024-06-24 17:08:43
Iâ€™ll hold on to this just in case black mirror comes real,57,https://i.redd.it/vxz8akihnj8d1.jpeg,EquipmentElegant,111526.0,55828.0,1344.0,50,10,2024-06-24 16:11:15
I am strugglment,16,https://i.redd.it/sdu1xz9zmj8d1.jpeg,sac_de_q,2378.0,880.0,880.0,57,6,2024-06-24 16:08:24
I Bet He's Thinking About Other Women ,38,https://i.redd.it/dxa72q1ugj8d1.jpeg,snowfalcon777,37303.0,304.0,1983.0,71,26,2024-06-24 15:33:58
Got My Tight Pants On....,25,https://i.redd.it/szmvl0l49j8d1.png,Adam_Gill_1965,29299.0,8574.0,1785.0,4,0,2024-06-24 14:52:06
She ainâ€™t no diva ðŸ˜‚,19,https://i.redd.it/29ix80e89j8d1.jpeg,Luvdizblackahh,639.0,288.0,341.0,15,1,2024-06-24 14:51:22
bro is cooked,13,https://i.redd.it/hvmqnpqm1j8d1.jpeg,Gl1ntVeiN_,2901.0,2750.0,851.0,50,4,2024-06-24 14:08:46
Made this have fun with it,26,https://i.redd.it/p32y47fb1j8d1.jpeg,Sad_Wind_7992,6479.0,5958.0,43.0,32,2,2024-06-24 14:07:13
Why? Just why?,14,https://i.redd.it/93rkjzh1yi8d1.jpeg,gimnazijatrzin,2161.0,1028.0,256.0,41,6,2024-06-24 13:48:43
Daily Nichijou meme #2263,25,https://i.redd.it/y98b92okti8d1.jpeg,Holofan4life,12750271.0,334889.0,2760.0,4,1,2024-06-24 13:23:35
I actually learned Latin for this purpose,41,https://i.redd.it/f5t6rrm1ki8d1.png,No_Significance_8874,93436.0,109.0,874.0,5,1,2024-06-24 12:30:17
Reality is often disappointing,30,https://i.redd.it/8p0jj1s3hi8d1.jpeg,BrockBracken,505876.0,23494.0,1274.0,78,2,2024-06-24 12:13:44
Only If House Of The Dragon Had Some Good Dialogue Writing ,59,https://i.redd.it/tbhn8zylgi8d1.jpeg,umemesh,23671.0,702.0,1558.0,12,0,2024-06-24 12:11:00
Life is indeed strange,22,https://i.redd.it/qaqfyx9lci8d1.png,nicefield,66605.0,10550.0,2333.0,48,1,2024-06-24 11:48:30
Expectations vs Reality,23,https://i.redd.it/rwsi2woxbi8d1.jpeg,DependentFeature3028,92326.0,21194.0,195.0,77,3,2024-06-24 11:44:44
I Bet He's Thinking About Other Women ,38,https://i.redd.it/md6vww6uai8d1.jpeg,snowfalcon777,37303.0,304.0,1983.0,49,6,2024-06-24 11:38:35
Boomer meme parody,18,https://i.redd.it/t44k4k0aai8d1.jpeg,Portal2Fan2,1139.0,618.0,899.0,9,2,2024-06-24 11:35:27
Any one else who thinking about that?,37,https://i.redd.it/j281zfcdxh8d1.jpeg,Willing-Neck-7417,5866.0,2519.0,242.0,47,22,2024-06-24 10:23:17
Just noticed they also have only two jokes as well,50,https://i.redd.it/ip2rrcuush8d1.jpeg,Guest_4710,218442.0,16838.0,3664.0,92,17,2024-06-24 09:57:47
Better luck next weekend ladies,31,https://i.redd.it/rgfca2rgsh8d1.jpeg,xrhiax,13036.0,9633.0,1587.0,69,2,2024-06-24 09:55:38
Anyone else do this as a kid?,29,https://i.redd.it/kjhcnq52ph8d1.jpeg,SuperAlex25,484906.0,94412.0,1769.0,61,18,2024-06-24 09:36:30
99 Problems 1 Solution,22,https://i.redd.it/8phdak87bh8d1.png,SmallAppearance3666,2489.0,139.0,504.0,45,9,2024-06-24 08:19:21
I now somehow have a MASSIVE collection of Thigh High Shocks =^0w0^=,68,https://i.redd.it/gq4gcik79h8d1.png,hotdogonthebbq,110135.0,8423.0,1904.0,20,6,2024-06-24 08:10:22
It do be like this,18,https://i.redd.it/5gj024is3h8d1.jpeg,SanftuFlauschig,3627.0,487.0,88.0,36,4,2024-06-24 07:37:27
It was funny when they said it,30,https://i.redd.it/5mvw1pxewg8d1.jpeg,666thSuprisedPikachu,505859.0,6755.0,1902.0,34,2,2024-06-24 06:55:56
Starting off the week strong,28,https://i.redd.it/f3twkq2ztg8d1.png,Connor_rk,3507.0,2900.0,1258.0,57,3,2024-06-24 06:42:44
Enchantments r weird,20,https://i.redd.it/fr5ht10ttg8d1.jpeg,maddyplayz4645,2789.0,280.0,214.0,68,9,2024-06-24 06:41:22
Classic Reddit making fun of mental illness. Hilarious! ðŸ™ƒ,57,https://i.redd.it/zzsaw306mg8d1.jpeg,rstanek09,26514.0,16840.0,2494.0,0,4,2024-06-24 05:58:30
My laziness always hits me hard,31,https://i.redd.it/xjnwjzz7eg8d1.jpeg,LS7-6907,6272.0,1800.0,406.0,43,4,2024-06-24 05:14:04
The shampoo bottles thought it was good tho,43,https://i.redd.it/57vs10smdg8d1.jpeg,Supersaiajinblue,297599.0,50252.0,1762.0,72,3,2024-06-24 05:10:41
Deadguy.jpg,11,https://i.redd.it/mro37oxw9g8d1.jpeg,Haywire-Hawk,9583.0,5640.0,414.0,9,4,2024-06-24 04:49:50
Always with panda express,25,https://i.redd.it/4jjjigd37g8d1.jpeg,someoneatemyfries,23467.0,1570.0,1873.0,28,0,2024-06-24 04:34:01
Average Swiftie,15,https://i.redd.it/tyroaydx6g8d1.jpeg,NewCartographer10,47891.0,1081.0,168.0,0,33,2024-06-24 04:33:07
Anyone got a napkin?,20,https://i.redd.it/ozu9mdhm5g8d1.jpeg,someoneatemyfries,23467.0,1570.0,1873.0,27,3,2024-06-24 04:25:47
"I'm gonna buy your product whenever I feel like it, y'all don't need to switch up the game",90,https://i.redd.it/19xfeueu2g8d1.png,2022-worst-year-ever,11211.0,2376.0,745.0,27,1,2024-06-24 04:13:03
Hawk Tuah Hawk Tuah Hawk Tiggity Tuah,37,https://i.redd.it/xs08samdxf8d1.jpeg,BD_HI,13089.0,11191.0,321.0,0,2,2024-06-24 03:39:36
Complaining Communities,23,https://i.redd.it/ey0rwr25wf8d1.png,DiamondSoup0,570.0,346.0,128.0,20,3,2024-06-24 03:32:40
Life imitating art,18,https://i.redd.it/8n5yyjwbvf8d1.jpeg,BirthdayBoyStabMan,367951.0,8097.0,432.0,48,0,2024-06-24 03:28:05
True fr,7,https://i.redd.it/787t5qlfpf8d1.jpeg,Much_Tough,6642.0,286.0,1302.0,20,6,2024-06-24 02:55:17
He told me to.,14,https://i.redd.it/whwhn8qjof8d1.png,Corrupt_Conundrum27,12770.0,11722.0,860.0,0,1,2024-06-24 02:50:15
OC for ya'll,12,https://i.redd.it/xfhfzjvsmf8d1.jpeg,Zeratul277,38980.0,23551.0,672.0,27,5,2024-06-24 02:40:17
You're a snotty girl ,21,https://i.redd.it/vj75m97qmf8d1.jpeg,Charming-Macaron-322,64821.0,6105.0,1274.0,0,15,2024-06-24 02:39:53
Malicious Compliance,20,https://i.redd.it/obhanwjhaf8d1.jpeg,SmokeMachine2020,24713.0,7016.0,1591.0,0,3,2024-06-24 01:31:16
12 years,8,https://i.redd.it/sl9nycc38f8d1.jpeg,CAT-IN-a-B0X,3659.0,843.0,303.0,8,1,2024-06-24 01:17:50
This is so stupid and I love it,31,https://i.redd.it/8iwnp1bc7f8d1.jpeg,PopTartPlayz,726.0,122.0,299.0,30,5,2024-06-24 01:13:38
A sudden thought,16,https://i.redd.it/tkpjcrry5f8d1.jpeg,LayJaly,76725.0,22631.0,251.0,49,4,2024-06-24 01:05:55
I leave nothing behind,22,https://i.redd.it/tn9t5yl82f8d1.jpeg,AndrewWarra,6149.0,1480.0,31.0,80,17,2024-06-24 00:45:03
Itâ€™s routine at this point,26,https://i.redd.it/zfuwvvyu1f8d1.jpeg,AndrewWarra,6149.0,1480.0,31.0,23,3,2024-06-24 00:42:55
Grow Op,7,https://i.redd.it/op6uaww31f8d1.jpeg,WhiteLothCat,27356.0,784.0,335.0,0,5,2024-06-24 00:38:41
Is this still a thing?,22,https://i.redd.it/3g5zsokk0f8d1.jpeg,Empoleon777,42392.0,35948.0,1229.0,33,3,2024-06-24 00:35:41
Where's the lie?,16,https://i.redd.it/l6o7qcgrxe8d1.jpeg,Ok-Bird4219,4920.0,513.0,174.0,37,4,2024-06-24 00:20:12
This game is so ominous,23,https://i.redd.it/oqdxnxkmve8d1.png,nicefield,66605.0,10550.0,2333.0,95,8,2024-06-24 00:08:04
And pathetic,12,https://i.redd.it/cxfjxcqare8d1.jpeg,WaffleWarrior1979,53533.0,30445.0,1263.0,16,1,2024-06-23 23:43:44
Our business is doing well butâ€¦,31,https://i.redd.it/4k55y2loje8d1.jpeg,Starynight_11,255923.0,745.0,1565.0,31,3,2024-06-23 23:01:01
I hope Guinness actually makes this a thing for them,52,https://i.redd.it/ztxoqp2jje8d1.jpeg,Gold_Map5222,13241.0,1217.0,1055.0,5,0,2024-06-23 23:00:09
mishear it every time,21,https://i.redd.it/mjm6pgwfie8d1.png,POMANTRANS,8345.0,1903.0,519.0,2,0,2024-06-23 22:54:33
I Bet He's Thinking About Other Women ,38,https://i.redd.it/62sn1v2zce8d1.jpeg,snowfalcon777,37303.0,304.0,1983.0,53,8,2024-06-23 22:23:25
So this is why my phoneâ€™s been running slow lately,50,https://i.redd.it/yheaoqshce8d1.jpeg,JohnWickOnABudget,505.0,107.0,465.0,13,2,2024-06-23 22:20:44
he shud hav cheked the playstor he was so sily lol,50,https://i.redd.it/eyf4tj6hce8d1.jpeg,Doge_is_me,8152.0,1535.0,694.0,2,0,2024-06-23 22:20:38
My mom after leaving my room,28,https://i.redd.it/pahyfyl8be8d1.jpeg,mehmethe,11388.0,668.0,1887.0,36,3,2024-06-23 22:13:41
youngpeopleyoutube be like,26,https://i.redd.it/ssvbacuo8e8d1.jpeg,fanofpizzatower23198,2359.0,539.0,140.0,6,0,2024-06-23 21:59:31
Italy verse,11,https://i.redd.it/xtg8mppt7e8d1.jpeg,DarkPaciello,1226.0,106.0,713.0,8,1,2024-06-23 21:54:34
"Use it often, Use it well",25,https://i.redd.it/svs5vz1i5e8d1.jpeg,Hexxegone,244676.0,3487.0,2616.0,31,0,2024-06-23 21:41:50
I am super fucked project wise,30,https://i.redd.it/yzu654pa5e8d1.jpeg,thelixardprince,6843.0,1076.0,42.0,16,3,2024-06-23 21:40:25
Sounds legit,12,https://i.redd.it/166hki472e8d1.jpeg,Expert_Camel5619,20148.0,2965.0,1175.0,20,1,2024-06-23 21:23:00
I Bet He's Thinking About Other Women ,38,https://i.redd.it/yf8qjd0u1e8d1.jpeg,snowfalcon777,37303.0,304.0,1983.0,70,8,2024-06-23 21:20:59
sometimes the zest goes a bit farther than kissing the homies goodnight,71,https://i.redd.it/c1jjtu231e8d1.jpeg,Beyblademan1,36978.0,7555.0,1218.0,7,0,2024-06-23 21:17:15
Most powerful shout in the game ,32,https://i.redd.it/kd3i5sdhxd8d1.jpeg,glitchdailys,38771.0,7694.0,1054.0,0,5,2024-06-23 20:56:35
There are no scarier moments,28,https://i.redd.it/ugzll9ymwd8d1.png,Enrykun,46459.0,14344.0,1465.0,62,2,2024-06-23 20:51:51
He is a diemangulur pureto ,27,https://i.redd.it/23clubhbwd8d1.jpeg,Funny-Club-6882,569.0,95.0,204.0,3,0,2024-06-23 20:50:04
My belovedâ¤ï¸,12,https://i.redd.it/ihyoz7ykud8d1.jpeg,Purpledratini,10607.0,3224.0,45.0,25,5,2024-06-23 20:40:19
Living with Mr. J in a van down by the river,44,https://i.redd.it/ta6vh0rmrd8d1.jpeg,CheopsII,2209.0,1257.0,32.0,37,3,2024-06-23 20:23:47
"Indeed, I did the math.",23,https://i.redd.it/l1jyaejjrd8d1.jpeg,Cloud_Station,136523.0,63423.0,1074.0,9,2,2024-06-23 20:23:34
That's how catholicism works,28,https://i.redd.it/aiijusaypd8d1.png,RainNightFlower,364502.0,91164.0,1401.0,33,9,2024-06-23 20:14:24
We Donâ€™t Serve Droids Here,26,https://i.redd.it/mst4axhgld8d1.jpeg,VaughnFry,126743.0,35465.0,2885.0,65,5,2024-06-23 19:49:13
"Sorry I used instagram to edit this meme, but it worked right?",62,https://i.redd.it/69vhliqajd8d1.jpeg,ZhangMooMoo,8864.0,2282.0,851.0,0,0,2024-06-23 19:37:06
MoneyðŸ¤‘(tbrwy some sequels were good and others not so good...),62,https://i.redd.it/6sjlqup9jd8d1.jpeg,Flaviphone,316272.0,47263.0,906.0,66,3,2024-06-23 19:36:56
Ruining any chances,19,https://i.redd.it/mqmwti0ugd8d1.jpeg,cydude1234,44282.0,31370.0,1631.0,0,2,2024-06-23 19:23:56
