title,title_length,url,author,author_karma,author_comment_karma,author_account_age_days,upvotes,comments,post_time,image_text,polarity,subjectivity,title_emotion,image_emotion,text_length
A short story,13,https://i.redd.it/70zdjiilli351.jpg,rextraneous,21270.0,6374.0,1521.0,409043.0,4304.0,2020-06-07 16:27:35,"1:38
15:04

¬©
' 12:17

Top proof that we are not a
spinning ball. 100%
unrefuteable proof of a flat...
580 views - 8 months ago

Flat Earth: THE BALL IS DEAD
963 views - 7 months ago

Its Flat Guys, Its Flat.
2.1K views - 6 months ago

| was wrong. The Earth is
NOT Flat.

12K views - 6 months ago

| was so wrong. The Earth
definitely isn't Flat.
3.4K views - 6 months ago

lam an Ex Flat Earther. You
are being manipulated by con
men

3.5K views - 5 months ago

",-0.0761363636363636,0.3249999999999999,anger,anger,464
She did her best ok?,20,https://i.redd.it/g4vm7de3q4j51.jpg,BlackAdder7,172660.0,8693.0,1927.0,342178.0,3318.0,2020-08-25 10:54:00,"Teacher hypes up class party all year

The Party:

the underpaid teacher
who bough it with
it's own money:

",0.6,1.0,joy,anger,108
This house ain‚Äôt big enough for the six of us,45,https://i.redd.it/x4s2e60m7vm41.jpg,theonlymexicanman,584636.0,265417.0,2659.0,300202.0,1987.0,2020-03-15 16:42:03,"News > World > Europe

Coronavirus: Austria bans all gatherings of
more than five people
Families of 6:

a=
i
s=
z=

",0.5,0.5,anger,anger,117
I feel privileged,17,https://i.redd.it/ttfhavjmd1x51.png,blityc,85698.0,1079.0,1531.0,280627.0,2855.0,2020-11-03 14:37:29,"me 12 hours ahead in
Asia knowing the election
results but not telling Americans

",0.0,0.0,joy,joy,82
uncanny resemblance,19,https://i.redd.it/cul580390k661.jpg,PrettyCoolTim,735572.0,7890.0,1420.0,260856.0,841.0,2020-12-21 14:57:50,"the sun

prettycooltim

‚Äî fi ‚Äî
ee ‚Äú

pag ee

close ad
button
",0.0,0.0,surprise,anger,61
Hmmmmmmmmmm,11,https://i.redd.it/c06hvlfni9651.jpg,Zlecklamar,0.0,0.0,0.0,260216.0,1053.0,2020-06-21 13:07:29,"Your mom
gets anew
boyfriend

He‚Äôs a
gamer

He‚Äôs the guy who
beat you at halo 12
years ago and said

he‚Äôs gonna fuck

your mom

made with mematic
",-0.4,0.6,fear,anger,146
We are doomed,13,https://i.redd.it/vmadxu8d51o41.jpg,Pringles__,170739.0,13684.0,2249.0,259354.0,1691.0,2020-03-21 13:44:24,"End of the world: comes in 2021

The dyslexic prophet who
announced it for 2012:

",0.0,0.0,sadness,joy,82
Finland op,10,https://i.redd.it/ncrm4syv08r41.jpg,Dzigi14,11079.0,524.0,1978.0,253505.0,2331.0,2020-04-06 16:04:05,"worldometers.info

xXx @ Coronavirus Update (Live... n re

Country, Total New Total New Total
Other Cases [fF Cases Deaths Deaths Recove
Viranranr ‚Äú¬£,¬£2U a2¬£v

Serbia 2,200 58
Finland 2,176 27
Mexico 2,143 94
",0.0405844155844155,0.5762987012987013,anger,fear,209
Wait I didn't mean it like that,31,https://i.redd.it/n4ildkpurph61.png,beakf,424428.0,21656.0,1732.0,250015.0,1849.0,2021-02-15 22:02:36,"High schooler: I'd kill for
college tuition
US military recruiters:

u/beakf
You will?
",0.03,0.32,anger,anger,87
Who's Donald Biden?,19,https://i.redd.it/63l9c85hmex51.jpg,kakara92,92342.0,32754.0,1957.0,247276.0,1542.0,2020-11-05 11:09:25,"Me making memes about Nevada even
though | live in a small village in eastern
Europe and have no idea about US politics

",-0.0568181818181818,0.45,anger,anger,121
Team monke,10,https://i.redd.it/y5q2ylf36gm61.jpg,ManiacKnight05,67400.0,1001.0,1643.0,237715.0,1839.0,2021-03-11 19:04:31,"GUYS I'M. GONNATRY,MY BEST

",1.0,0.3,joy,joy,28
What a shame,12,https://i.redd.it/hnwx02w0t6e61.jpg,justlooking033,265186.0,5672.0,1955.0,232171.0,1305.0,2021-01-29 03:02:07,"‚ÄúI'm sorry. Did the wrong people
manipulate the stock market?‚Äù

",-0.5,0.95,anger,anger,64
Confusing,9,https://i.redd.it/2v3ucovw2dk51.jpg,WhatTheMat,18426.0,664.0,2129.0,230716.0,4807.0,2020-08-31 16:04:14,"2+2x4

59 %
7%
8%
26 %
",0.0,0.0,anger,anger,23
Ukraine got CHAD Volodymyr Zelensky.üá∫üá¶üá∫üá¶üá∫üá¶,42,https://i.redd.it/p6hpt00hl0k81.jpg,I_AM_BATMAN_69,18750.0,9429.0,1776.0,230183.0,2809.0,2022-02-25 17:31:37,"What everyone thinks chad what he actually looks like:
looks like:

",0.0,0.1,anger,anger,68
It took so many hours,21,https://i.redd.it/hujzswawcsf51.jpg,Unknown,0.0,0.0,0.0,229059.0,1216.0,2020-08-08 14:06:18,"When you see people praise you for
‚Äúre-drawing‚Äù a meme

",0.0,0.0,fear,anger,56
Of course I know him. He is me,30,https://i.redd.it/kwcqipuz5il51.jpg,mistermuesli,1563798.0,158090.0,2287.0,224289.0,2893.0,2020-09-06 10:14:32,"When you post your meme to

two different subreddits:

Repost
Reply #1
Os :.
Original post by u/mistermuesli
t 1
oe mistermuesli &: 1h
Guess who | am
7

Oh shit
",0.0583333333333333,0.7166666666666668,anger,joy,161
Simpsons predicted it yet again,31,https://i.redd.it/mt1p2undiwo31.jpg,heycanwedie,254972.0,9344.0,1830.0,224282.0,3267.0,2019-09-26 08:43:38,,0.0,0.0,joy,none,3
Placebo in a nutshell,21,https://i.redd.it/cjtg6wdt99951.jpg,PowerfulOperation8,1321407.0,7807.0,1958.0,223352.0,760.0,2020-07-06 15:30:26,"Me: ""heal my disease""
Brain: ""No""

Me: *takes pill with no effect*
Brain:

",0.0,0.0,anger,anger,75
Don't be mad,12,https://i.redd.it/gsqgq6uwuau51.jpg,kones_6999,97612.0,15568.0,1934.0,222632.0,940.0,2020-10-20 19:17:14,"@ 1 Award

I'm a dude, and | fucking hate when people tell me | look tired or
angry. Like, I'm just standing here. What the fuck?

Reply

2, 8 & @ 6 Awards

You sound angry.

Sm Sa Sh
Se ¬Æ & 4 awards

| bet it's because he's tired.

",-0.3714285714285714,0.7571428571428571,anger,anger,233
15 years from now,17,https://i.redd.it/kvb5q07e27x41.jpg,AwesomeAdviceBot,11559.0,2663.0,1842.0,221171.0,1759.0,2020-05-06 19:15:32,"\ Ege BEATE SYSTEMS

a

ENDOSKELETON
~ Boat / ‚ÄîPRTILA Gs

ONTRACTILE Nisve
Wet 1% Bony [cae
A OR 6h
",-0.1,0.4,anger,fear,100
Captain Holt is best boi,24,https://i.redd.it/nzkdkyfr2hz41.jpg,TheOutSider154,25016.0,2391.0,1715.0,219170.0,962.0,2020-05-18 07:03:44,"Teachers when they add
‚ÄúAnd Just Have Fun!‚Äù to the
instructions:

Why is no one having a good time? | specifically requested it.
",0.5375,0.4,joy,joy,129
It was fun doe,14,https://i.redd.it/b11mbpxapxg51.jpg,XDEC0DE,1143630.0,163750.0,1631.0,218511.0,1452.0,2020-08-14 09:08:50,"y

7yome Sem‚Äù

in the bathroom

=

Ln

‚Äòes
",0.0,0.0,joy,anger,43
You think you are sad,21,https://i.redd.it/rohlh1e8k0n41.jpg,bingman_,17370.0,2696.0,1753.0,217064.0,783.0,2020-03-16 10:41:42,"My FBV agent who
nowhas to attend
p.. online classes with me

",0.0,0.0,sadness,joy,62
These are confusing times,25,https://i.redd.it/4gju47kt3hb61.jpg,Godhemself,324736.0,7031.0,1682.0,216334.0,1156.0,2021-01-15 10:28:06,"""forget everything you learned in
college, you won't need it working here‚Äù

""but, | didn't go to college

""well then, you're unqualified for this job‚Äù

",0.0,0.0,anger,sadness,152
Reddit might be shit but it's our shit.,39,https://i.redd.it/l8yz2fyk3hr71.jpg,_Floydian,0.0,0.0,0.0,216079.0,1507.0,2021-10-04 18:02:21,"When Facebook & co. is down
and everyone is flocking to Reddit:

Don't touch my garbage
",-0.1555555555555555,0.2888888888888889,anger,anger,88
Always has been,15,https://i.redd.it/29h8ntdldma51.jpg,imaduco,27925.0,6333.0,1883.0,208363.0,1397.0,2020-07-13 12:38:47,,0.0,0.0,joy,none,3
That's the reason behind all these,34,https://i.redd.it/72ofect87t751.jpg,FreddyKrum,359557.0,12520.0,1876.0,205526.0,1320.0,2020-06-29 08:23:17,"God knew this logo was
too good to be used:

TOKYO
",0.7,0.6000000000000001,joy,joy,51
That's a 5 stars from me,24,https://i.redd.it/omyyroc83w551.jpg,prestidigitator97,1341680.0,19028.0,1631.0,204138.0,873.0,2020-06-19 15:57:52,,0.0,0.0,joy,none,3
"Wow, someone knows we exist",27,https://i.redd.it/dyecygddx4i51.jpg,menovat,105093.0,23476.0,1934.0,202585.0,7722.0,2020-08-20 10:30:38,"When you live in a small
country and see someone
mention it on the internet

",-0.0568181818181818,0.45,joy,fear,77
Everytime,9,https://i.redd.it/emn90d5nbqn51.jpg,Unknown,0.0,0.0,0.0,202364.0,836.0,2020-09-17 15:48:43,"When the hero is about to fall off a cliff

His friend who disappeared at the beginning of the movie:

",0.0,0.0,anger,sadness,103
"Hey Blizzard, I heard you like China's money ?",46,https://i.redd.it/uonxofnh1gr31.jpg,Unknown,0.0,0.0,0.0,200634.0,2247.0,2019-10-09 04:33:09,"There is a group of Blizzard fans trying to
turn Mei into a Pro Hong Kong Icon to get
the game banned in China.

Modern problems require modern solutions
",0.0,0.3333333333333333,joy,anger,154
chadflix,8,https://i.redd.it/te95nxfwxl471.png,sarcasticnepali2058,909833.0,22149.0,1539.0,200092.0,5469.0,2021-06-11 09:43:55,"Nooo, we can't release the season all at once
because we want people to keep talking about
our show for a longer time

Here's a whole season bro, you can do
whatever the f**k you want with it
",0.2,0.4,anger,anger,192
Brain.exe has commit DIE,24,https://i.redd.it/ojd7xhofyz951.png,Unknown,0.0,0.0,0.0,200092.0,744.0,2020-07-10 09:14:38,,0.0,0.0,anger,none,3
Look who's laughing now,23,https://i.redd.it/qtmo4imk5ry41.jpg,theFLUFF131,125802.0,11854.0,1616.0,199414.0,1482.0,2020-05-14 15:53:08,"""A degree in art is useless""
Me as an art major:

",-0.21875,0.35,anger,sadness,50
I mean I basically made him rich,32,https://i.redd.it/yne085xajui41.jpg,OhMyGodItsLiquid,21906.0,1968.0,1839.0,198265.0,989.0,2020-02-24 10:09:16,"when you donate
1$ to a streamer

",0.0,0.0,joy,joy,34
please enjoy,12,https://i.redd.it/rgce12mplle51.jpg,tteeggeerr,217455.0,4514.0,1574.0,196509.0,781.0,2020-08-02 14:22:10,,0.0,0.0,joy,none,3
Real SOMA ULTE ‚ù§Ô∏è,17,https://i.redd.it/y4ubkjfo6nq51.jpg,bumblebee2496,27863.0,2556.0,2157.0,195666.0,896.0,2020-10-02 08:27:58,"e.

Had this shirt for a year ant always wondered *
why the sleeyes were b lImet
this man to My
",0.0,0.0,joy,anger,96
*bumps head* maybe I‚Äôm Godzilla?,32,https://i.redd.it/ger0ho5tg9w51.jpg,RegularNoodles,5119712.0,122698.0,3068.0,195564.0,1864.0,2020-10-30 16:44:35,"Me: *visits Japan*

Also me wondering if Godzilla
was just a normal sized lizard:

",0.15,0.6499999999999999,fear,joy,83
Phew. That was a close one.,27,https://i.redd.it/2b6zkpyh98x51.png,Ronaldit0,125684.0,3698.0,1476.0,194923.0,795.0,2020-11-04 13:46:08,"Me: Raises hand to answer question
Teacher: Calls on other kid

Other kid: Gets it right

Me, who had a different answer:

",0.0089285714285714,0.4714285714285714,joy,joy,123
Modern day pirate,17,https://i.redd.it/vdfvhoq1lge61.jpg,swante_taggart,31785.0,1905.0,2243.0,194309.0,670.0,2021-01-30 11:55:14,"rout Won T TRADI
}

nS

MOU HAVE{FIEARDIORIME

",0.0,0.0,anger,joy,47
can someone explain it,22,https://i.redd.it/2my2zdc4pa251.jpg,Everseer12,47471.0,5781.0,1541.0,192986.0,3519.0,2020-06-01 12:49:03,"Me a Canadian trying to figure
out how America went from taking all
the toliet paper to civil war in 3 months

",0.0,0.0,joy,anger,111
It really do be like that,25,https://i.redd.it/hu25l44ii6o41.jpg,bruggekiller,188392.0,16954.0,2483.0,192811.0,1571.0,2020-03-22 07:46:50,,0.0,0.0,joy,none,3
"Oh look, Reddit",15,https://i.redd.it/reux0cdxhan51.jpg,hin2u,1062513.0,25637.0,1834.0,192687.0,634.0,2020-09-15 10:35:52,"Me: *closes Reddit*
My fingers' muscle memory :

",0.0,0.0,anger,joy,49
He is the chosen one. He will bring the change,46,https://i.redd.it/isw5svf6zbw61.jpg,Unknown,0.0,0.0,0.0,192387.0,2059.0,2021-04-30 15:39:58,,0.0,0.0,joy,none,3
It‚Äôs been real fam.,19,https://i.redd.it/evqhhdqqbt961.jpg,drugs-and-group-hugs,30151.0,1046.0,1502.0,192318.0,2116.0,2021-01-07 01:25:34,"Well it was a solid 5 days. Here's to
2022.

",0.0,0.1,joy,joy,45
Wanna hear another joke,23,https://i.redd.it/00zo3ians0e61.jpg,GaydolfHipster,18265.0,303.0,2229.0,191385.0,1829.0,2021-01-28 06:49:21,"Pankrupting
gipny?

Oh you Dhar
a hedgefund

| do and I'm tiyed of
pretending it's not
",0.0,0.0,anger,anger,87
Right as rain after that,24,https://i.redd.it/1wniz8ionv351.jpg,GravyxNips,1261021.0,255237.0,1763.0,191024.0,745.0,2020-06-09 12:22:24,"a

to et ‚Äò
My stomach hurts iB ury

=

}@
It‚Äôs probably ghosts 4>

a
we
c
Anyways, here‚Äôs your
prescription ;
cS

",0.0,0.0,anger,sadness,114
Licensed Dad Joke,17,https://i.redd.it/nrj9smsfek951.jpg,IDontHaveAName666,463837.0,28670.0,2336.0,190408.0,682.0,2020-07-08 04:56:48,"Dads telling jokes at home _..

pe Joke

Abe La ga %

",0.0,0.0,joy,anger,54
Following your passion is hard in Asia,38,https://i.redd.it/7ux0uk3llrc51.jpg,I_AM_YUGESH,537774.0,16064.0,1487.0,189198.0,1053.0,2020-07-24 08:20:53,,0.0,0.0,joy,none,3
They are some greedy ones,25,https://i.redd.it/44g9h668t3y51.jpg,Jinglejr,17228.0,738.0,2352.0,187941.0,968.0,2020-11-08 23:51:47,"HOLIDAYSINCORNWALL.COM
Farmers Stand In Silence At Auction So A Young
Man Can Buy Back His Family Farmhouse

ay ~

* The Bank

made with mematic

",0.05,0.2,anger,joy,146
"Oh yes, I can finally play some gta v",37,https://i.redd.it/7zhbpr5f0vy41.jpg,Mrlluck,11382.0,2254.0,3255.0,187946.0,2338.0,2020-05-15 04:51:22,"Pre-order a game

Buy the game when
it releases

Wait almost a
decade so you can
get it for free

",-0.1333333333333333,0.5333333333333333,joy,joy,98
Every time,10,https://i.redd.it/42vflyu4ykz51.jpg,ZyleErelis,25883.0,791.0,1915.0,187640.0,2327.0,2020-11-16 10:33:42,"British American
accent ) accent

",0.0,0.0,anger,anger,34
Turns out nobody ever answered him,34,https://i.redd.it/d06yv5u08c761.jpg,Dexdeman,32209.0,9191.0,1941.0,187514.0,688.0,2020-12-25 13:46:09,"( bj foruimwhe
Me'searehiing samefquestion 10
sontetinimg-on

the internet

",0.0,0.0,anger,joy,76
All the help we can give,24,https://i.redd.it/qeqvx12x94e61.jpg,Jommy69,1077517.0,34260.0,1907.0,187472.0,1695.0,2021-01-28 18:31:49,,0.0,0.0,joy,none,3
Its all coming together,23,https://i.redd.it/0wbivqv9nvr31.jpg,anoreksicni,10549.0,1753.0,2052.0,186587.0,1126.0,2019-10-11 09:01:42,,0.0,0.0,joy,none,3
Shut it off,11,https://i.redd.it/2aq8edkojow31.jpg,8eloZer0,74445.0,11119.0,1994.0,186050.0,1173.0,2019-11-04 14:29:46,"7 year old me switching on the car light
for one second

",0.1666666666666666,0.3,anger,fear,57
did it happen to all of us?,27,https://i.redd.it/9kvm8knv5v961.jpg,saucy-mel,51931.0,2701.0,1633.0,185702.0,2192.0,2021-01-07 07:36:17,"POV YOU'RE 12 YEARS
OLD, SWIMSUIT IS DRIPPING
WET, AND YOU'RE COLD AS FUCK

re

AND YOU DONT REMEMBER
WHAT FLOOR YOUR ROOM IS ON
",-0.25,0.55,anger,anger,129
"Quick, while the British are sleeping.",38,https://i.redd.it/e3zwkg6zfma61.jpg,crackercharlie,42946.0,10897.0,1507.0,185158.0,3644.0,2021-01-11 03:21:10,,0.0,0.0,joy,none,3
*happy bubonic noises*,22,https://i.redd.it/n7lh6x2wz7841.jpg,AutisticPotato13,74457.0,4092.0,2086.0,184924.0,3827.0,2020-01-01 19:39:56,"When it‚Äôs finally 2020 but you realize
that both 1820 and 1920 had massive
plague outbreaks

",0.0,1.0,joy,sadness,93
Hot climate,11,https://i.redd.it/uqh27jjj8bu61.jpg,Agoevan05,61999.0,4253.0,1484.0,184829.0,1435.0,2021-04-20 11:02:23,"American producers when the
scene of a movie takes place in
Mexico

",0.0,0.0,love,anger,68
Seriously,9,https://i.redd.it/k47mb3l46c451.jpg,Robo2627,11028.0,1065.0,1629.0,184270.0,1265.0,2020-06-11 19:54:20,,0.0,0.0,anger,none,3
Harold should be meme of the decade,35,https://i.redd.it/uip0indm0m741.jpg,rock_8,516985.0,83743.0,1911.0,183735.0,1229.0,2019-12-29 17:44:51,"When you are the only
uy supporting Harold
or meme of the decade

",0.125,0.625,anger,love,66
She has probably made 60k in the amount of time it took me to make this meme,76,https://i.redd.it/7d9x3zq7dlo61.jpg,BLaRowe10,33515.0,16894.0,1536.0,181994.0,3064.0,2021-03-22 14:41:34,"Alright we need 60k for my friends
emergency brain surgery. What do we do?

\F

ou just
for it?
Z\

aN

Why don‚Äôt y
fucking pay

",-0.6,0.8,anger,anger,129
Thanks a lot brain,18,https://i.redd.it/69g5axregoz61.jpg,OmarIbnKhayyam,197322.0,16957.0,1917.0,181697.0,1818.0,2021-05-17 12:51:56,"My brain pores yee on

",0.0,0.0,joy,anger,23
I love Amusement Parks,22,https://i.redd.it/hl71dyelq4a51.png,AmaterasuWolf21,1003631.0,443950.0,1686.0,180970.0,617.0,2020-07-11 01:19:49,"Me and a stranger in the bumpers
cars when we bump for the first time

we >

Meal

When we bump for the 6th time

",0.25,0.3333333333333333,joy,anger,114
Your silly warning cannot stop me,33,https://i.redd.it/wdgjpcm6v5t61.jpg,aykay55,132073.0,85693.0,2854.0,180594.0,1003.0,2021-04-14 15:54:33,"Email: DO NOT REPLY TO THIS EMAIL

Me: *replies to the email*

The email center:

",-0.1,0.1,anger,anger,82
not this shit again,19,https://i.redd.it/6e6z2me93zp61.png,DaRealWookie,1034987.0,102816.0,2937.0,180132.0,862.0,2021-03-29 13:55:09,"IT IS TIME TO GO.

",0.0,0.0,anger,joy,19
Last online *October*,21,https://i.redd.it/1lprd5j4c4a61.jpg,Unknown,0.0,0.0,0.0,179961.0,1874.0,2021-01-08 14:27:18,"%
Jack Ma who dissapeared
last year after giving an
opinion against Chinese government

imgfiip.com
",0.0,0.0333333333333333,joy,anger,100
I thought only I could do that,30,https://i.redd.it/1zq5hsvzytk61.jpg,slashth456,281352.0,186739.0,1991.0,179932.0,1355.0,2021-03-03 15:21:23,"Healing myself

Himself once

",0.0,0.0,anger,joy,30
One of the happiest moments in life,35,https://i.redd.it/rnn14f29gf551.jpg,_clickhere_,0.0,0.0,0.0,179909.0,978.0,2020-06-17 08:00:38,"when you meet your FBI
guy during a riot

‚Äî‚Äî‚Äî ee

",0.0,0.0,joy,fear,50
Universal guide to men's nodding. Made in Paint.,48,https://i.redd.it/qldrdzcjj7n61.png,jp9544,160367.0,4260.0,1386.0,179574.0,2374.0,2021-03-15 15:10:18,"Hey, man, what's up?

t UP NOD

Hey, | need to
talk to you.

MAN'S
RIGHT NOD

Yo, man, check this
girl out!

MAN'S
LEFT NOD

S DOWN NOD

Greetings sir. You have my respect.
",0.0671957671957671,0.2748677248677248,joy,joy,173
Didn‚Äôt think about that,23,https://i.redd.it/yw52evjtlw061.jpg,minorthreat1000,141815.0,18064.0,4260.0,179446.0,886.0,2020-11-23 02:50:14,"Simba: My uncle killed my father and is
trying to kill me now.

Timon and Pumbaa: Oh wow have you tried
just not fucking worrying about it?

",0.0666666666666666,0.6,anger,anger,141
Maybe she's hard to forget,26,https://i.redd.it/1cznolix8ik51.jpg,Onfour,584687.0,10650.0,1991.0,179426.0,571.0,2020-09-01 09:26:52,"Panda Power * 2 weeks ago

Not saying my ex is fat,... but my
memory foam mattress bed took a
year to forget her.

@iikK @ Ej 32

",0.0,0.0,sadness,sadness,130
they belong in arkham,21,https://i.redd.it/v0eic0ly0rj51.jpg,dcxr,3107448.0,393290.0,2299.0,179239.0,3879.0,2020-08-28 13:54:04,,0.0,0.0,fear,none,3
Helicopter goes brrrr,21,https://i.redd.it/j0u8g9pxa4n51.png,Unknown,0.0,0.0,0.0,177567.0,992.0,2020-09-14 13:45:46,"Me when a helicopter passes

AGE 10 AGE 40

",0.0,0.0,fear,fear,44
iOS 14 bout to expose some people,33,https://i.redd.it/eb6pssvrhu751.jpg,Zelderian,331916.0,36442.0,1833.0,176229.0,2174.0,2020-06-29 12:44:05,"Recording indicator 10S 14

An indicator appears at the top of your screen whenever an app is
using your microphone or camera. And in Control Center, you can see
if an app has used them recently.

‚Äòhe ‚Ñ¢

lim Elefolt i mcem-1nc] Facebook‚Äôs wholejcareer
",0.1333333333333333,0.2833333333333333,anger,joy,252
I don't own any...,18,https://i.redd.it/uir5hhd0f0361.jpg,harshvpandey101x,0.0,0.0,0.0,175966.0,2344.0,2020-12-03 17:47:26,"Dog Owners:

What breed is that, No! That's an Alaskan
Husky? Malamute!!!

Hey, What breed is
he?
",0.0,0.0,anger,anger,98
nro that feeling,16,https://i.redd.it/vp4wdmsoz4c51.jpg,big-nicks-dick-muget,58635.0,19672.0,1470.0,175082.0,1237.0,2020-07-21 04:19:33,"yeah sex is cool but
had you farted so good
that your stomach ache
Is gone

",0.5249999999999999,0.625,joy,joy,76
That was a close one,20,https://i.redd.it/da8h2xbjepu51.jpg,aSaucyDragon,13874.0,3876.0,1791.0,174945.0,1187.0,2020-10-22 20:12:07,"NASA when an asteroid
narrowly misses the earth
by 545 million miles

<‚Äî

",-0.2,0.4,joy,fear,74
languages in a nutshell,23,https://i.redd.it/j9u89ekcbbe41.png,BeyondFootball,0.0,0.0,0.0,174225.0,1900.0,2020-02-01 13:14:51,"writing speaking

German

Russian

",0.0,0.0,anger,fear,35
Here comes the Hangover train,29,https://i.redd.it/6ftjoen8i9g51.jpg,Amaan_k,0.0,0.0,0.0,174087.0,959.0,2020-08-10 23:46:29,"Why is a drinking Leonardo DiCaprio
so memeable

",0.0,0.0,anger,anger,49
It‚Äôs always with my best shirts,31,https://i.redd.it/8jp0dbh8rdq61.jpg,Goofygoober326,15948.0,3462.0,1750.0,174009.0,1297.0,2021-03-31 15:14:10,"Me: *buys a shirt with a cool design*

The shirt a week later:

",0.175,0.325,joy,joy,64
"No, I don‚Äôt think I will",24,https://i.redd.it/k9nqhzcajwm51.jpg,notkhaos,1022830.0,115729.0,2020.0,173907.0,1117.0,2020-09-13 11:38:07,"Me: *Declines YouTube
premium for the 78th time‚Äù

YouTube:

rtagaan?
ott
hanks‚Äô but√©reconsider!

",0.0,0.0,joy,anger,97
"Here you go, Credits in comments",32,https://i.redd.it/l3s1er7u7k741.jpg,Unknown,0.0,0.0,0.0,173636.0,3209.0,2019-12-29 11:42:12,"Friend: What were
your favorite memes
of the decade?

Me: All 12880 of them:

",0.5,1.0,joy,joy,78
Top 10 photos taken moments before disaster,43,https://i.redd.it/ihs8t5wec9i41.png,joshy_squash,28670.0,360.0,1782.0,173135.0,1676.0,2020-02-21 10:53:15,"e@e0ee0 FE 4G 11:52 PM 89% My

< Messages Mom Details

Where are you? x

I'm coming hoe

emo

Not Delivered

Home! {@)

Not Delivered

qm

Not Delivered

Fucking piece of shit

¬© Warning!

Your Life will be terminated in 30 seconds.

Due to an unexpected error, Your Life will be terminated.
Please contact your administrator.

",-0.21875,0.74375,joy,anger,328
Who knows why?,14,https://i.redd.it/8l82z1uarme51.png,Master_Flip,85957.0,14494.0,2398.0,173059.0,1343.0,2020-08-02 18:12:28,"&

Hey isn't it weird how we ""
live longer than men? eer

Ok so heres the plan.
I shoot and we see if the garbage
lid protects you
",0.0454545454545454,0.6666666666666666,anger,fear,131
Damn this edit took me long,27,https://i.redd.it/nns7am68rxk51.jpg,idea4granted,0.0,0.0,0.0,172612.0,2403.0,2020-09-03 13:36:08,"Millenials after getting through 3
major economic crisis and a few

dozen catastrophic events all
before hitting 35

",0.0208333333333333,0.2666666666666666,anger,sadness,117
Not having money sucks man.,27,https://i.redd.it/n4ssuqvz67571.jpg,Bot1K,410990.0,219559.0,2570.0,172567.0,3068.0,2021-06-14 09:13:19,"‚Äúcomfortable life
and\buying the things
Ilwantedias a kid

y

|
",0.4,0.8,anger,joy,64
can't believe it's over,23,https://i.redd.it/ruet4h7rv1b51.jpg,tteeggeerr,217455.0,4514.0,1574.0,172305.0,869.0,2020-07-15 16:51:07,"introverts after making it through
an entire phone call

: -

It‚Äôs done. 2: @
Ee
",0.0,0.625,joy,anger,81
Avert your eyes boys,20,https://i.redd.it/2oumh9yrrmz51.jpg,God_Slaya,66411.0,2811.0,1754.0,172134.0,2322.0,2020-11-16 16:41:37,"fo me logging:in, a
ble.to change ung name

wan
",-0.2,0.15,anger,anger,48
This is what he would have wanted,33,https://i.redd.it/od68sjjvces41.jpg,DuccBro,495278.0,28620.0,1995.0,171712.0,874.0,2020-04-12 14:26:05,"""You can do whatevenyou like with my image,
. 0 a We...
my music, remixitsre-release it, whatever...

#freddiemercury #meme #queen
Freddie Mercury gets Trapped in a Slide v
and Calls out for Mamma (ASMR)

2.4M views - 5 months ago
",-0.2,0.0,anger,fear,231
Oh god the feels,16,https://i.redd.it/glmvglu0yw961.png,blityc,85698.0,1079.0,1531.0,170941.0,1295.0,2021-01-07 13:35:57,"a: BECAME FRI FRIENDS WITH
ANOTHER KID\YOU) NEVER'SAW AGAIN
",0.0,0.0,joy,joy,60
"Thanks for the streams, NASA",28,https://i.redd.it/e7p5z2s7i7l61.jpg,Hartgert,26499.0,3117.0,1553.0,170399.0,1688.0,2021-03-05 12:53:03,"People NASA
complaining about ‚Äî jiye-streaming video
had quality from fucking

of NASA footage space 400 km away

",-0.6,0.8,joy,anger,114
Mandatory trial run,19,https://i.redd.it/qqh0grbrvl161.jpg,idea4granted,0.0,0.0,0.0,170203.0,811.0,2020-11-26 15:50:26,"Mom: ""Ok sweetheart, go take
a jog and see how it feels!""

",0.625,0.5,fear,joy,59
It do be like that,18,https://i.redd.it/oeithlzlnu241.jpg,lucaplays,27973.0,2407.0,2375.0,170052.0,885.0,2019-12-05 17:27:24,"Me: *Calls my cat by name*
My cat: *doesn‚Äòt give a fuck*
Me: pspspsps

My cat:

shit negro, tian alll you had to say‚Äô
",-0.3,0.7,joy,anger,118
Actual Air Force Brief My Cousin Had to Sit Through,51,https://i.redd.it/kg5zwmj03bb31.jpg,Unknown,0.0,0.0,0.0,169023.0,2829.0,2019-07-19 18:46:22,"Naruto

R uNNing
~ ANC act of y ‚Äònning like lapar
Naruto ] Zumaki, in whi

With their LOrso fory, ard, an

",0.0,0.0,anger,anger,107
My teacher made a meme and ngl it's pretty accurate,51,https://i.redd.it/vtd81ij7epx61.jpg,turtlegamer420,17811.0,1842.0,1659.0,168793.0,1413.0,2021-05-07 13:51:30,,0.0,0.0,joy,none,3
Hmm fuck,8,https://i.redd.it/rcrzwoy44c461.jpg,Chasith,2348367.0,165177.0,1744.0,168755.0,1416.0,2020-12-10 10:12:26,"iy) i
os ie, at ab Ip c√©lebrating

SS‚Äù my, ye birthday*

J Cy banteHeer who' s Been
5 serving me for years
",0.0,0.0,anger,joy,107
Most useless superhero accessory,32,https://i.redd.it/wvyv3fl86h751.jpg,__Dawn__Amber__,0.0,0.0,0.0,168557.0,1260.0,2020-06-27 15:56:16,"If you ever feel useless just
think about Flash's bike:

",-0.5,0.2,sadness,sadness,57
For real though,15,https://i.redd.it/m16dhaqyply21.jpg,SackJnyder,34727.0,4082.0,2002.0,168372.0,1721.0,2019-05-16 16:39:03,"undo button so if
you accidentally
scroll to the top
you can go back to

where you were

",0.25,0.25,joy,fear,89
brain ads,9,https://i.redd.it/1wpt3h1g9pg51.png,DigitalSword,113125.0,27953.0,1913.0,168205.0,2596.0,2020-08-13 04:49:32,"Elon Musk Developing a Brain
Chip to Stream Music in Your
Head

",0.0,0.0,anger,joy,64
One tiny error,14,https://i.redd.it/dbxu2jv067751.jpg,okaymoskitoe,86473.0,17372.0,1876.0,168199.0,1648.0,2020-06-26 06:17:14,"KitKat celebrates Gay Month
by releasing a new KitKat with
no straight lines

| think they meant no parallel lines, because those are
still straight.

;
wig are you, who ire SO wise
in the ways of science?

‚Äî‚Äî‚Äî ad ;

",0.2255050505050505,0.4563131313131313,anger,joy,217
*sad noises*,12,https://i.redd.it/w0fhs0hvegi61.jpg,rebel_chef,235074.0,29580.0,1303.0,167413.0,672.0,2021-02-19 15:37:10,"When you have a great time with the
present, but it was not for you &

",0.4,0.375,sadness,joy,71
Learn More at Let'sStopDoingIt.Org,34,https://i.redd.it/svhfkrd5g7b61.jpg,JesusSlayer903,215580.0,9205.0,2760.0,167361.0,711.0,2021-01-14 01:59:20,"~ oe

If it. Continues after

. Saying ""NO"", That's
Harassment.

Youuiits Youghita
Premium
Premium

",0.0,0.0,joy,anger,100
even super villains gotta cook and clean,40,https://i.redd.it/g0uxh99i9xb61.jpg,jaybailey079,328748.0,19484.0,1557.0,167226.0,698.0,2021-01-17 16:48:27,"y ill gotta go to the.

grocery and go home to cook a

=neal because not.everyone is a
‚Äòbillionaire like Bruce Wayne
",-0.5,1.0,joy,joy,117
be nice to the good boy or girl,31,https://i.redd.it/v0fhm98w3xj41.jpg,Mini_Michael2,148760.0,6640.0,1924.0,166884.0,2738.0,2020-02-29 19:52:23,,0.0,0.0,joy,none,3
Yo mama fat,11,https://i.redd.it/k5y910hdgz161.jpg,kuloku,176578.0,18902.0,1818.0,166871.0,817.0,2020-11-28 13:29:09,"Normal people getting a coffin

",0.15,0.6499999999999999,anger,joy,32
false advertisement,19,https://i.redd.it/3lvyt0s5v5061.jpg,notkhaos,1022830.0,115729.0,2020.0,166822.0,824.0,2020-11-19 08:54:27,"when you drink 12 cans of
Red Bull every day so you
could get wings but you
got Type 2 diabetes Instead

",0.0,0.0,anger,sadness,105
movie magic,11,https://i.redd.it/ijk1uuv0i2861.jpg,water_bear7,105029.0,8581.0,1939.0,166750.0,1310.0,2020-12-29 06:08:32,"*feamale character cuts her own hair in a

dirty mirror with a hunting knife*
her hair the next scene:

",0.0,0.6,joy,sadness,104
Ah snap gotta go away,21,https://i.redd.it/ns2liokogdc51.jpg,llshreyansll,39967.0,6778.0,1980.0,166410.0,691.0,2020-07-22 08:48:20,"Pregnant lady : eats an apple

The doctor who was supposed
to deliver the baby that day:

",0.3333333333333333,0.5,anger,fear,90
"Honestly, what‚Äôs up with that?",30,https://i.redd.it/534rkfdnbrs61.jpg,ShrekkingHandsome,264304.0,90761.0,1671.0,166194.0,3928.0,2021-04-12 15:00:13,"Where does it hurt?
o

Headache Stomach _It just does that
ache sometimes
",0.0,0.0,anger,sadness,74
Poor degrees,12,https://i.redd.it/7kltsu8ewx051.jpg,just_a_dude2727,70903.0,10304.0,1618.0,166175.0,1556.0,2020-05-25 16:42:30,"INCHES Payee""
br

",0.0,0.0,sadness,anger,18
simpler times,13,https://i.redd.it/pkjru9tcyy361.jpg,PrettyCoolTim,735572.0,7890.0,1420.0,166110.0,709.0,2020-12-08 13:56:36,"when mom peeks in to check if you‚Äôre
asleep at night and leaves again

",0.0,0.0,joy,fear,71
"The one, the myth, the legend.",30,https://i.redd.it/8u3nojv2uux51.png,MaikoOstermann,31317.0,6388.0,1774.0,166063.0,723.0,2020-11-07 17:40:44,"Nevada being the
most iconic state for
the last few days.

I'm about to endjthis man's wholejcareer
17 y = ‚Äò
",0.2,0.2916666666666667,anger,joy,109
I do be like that,17,https://i.redd.it/7mme3vesa9351.jpg,fourllll,51330.0,2657.0,2262.0,166062.0,1330.0,2020-06-06 09:11:23,"Teenagers
in real life

Teenagers
on Netflix
",0.2,0.3,joy,joy,45
Well that's it,14,https://i.redd.it/cs37sf7te2g51.jpg,eltopoquegira,20219.0,1499.0,1560.0,166057.0,976.0,2020-08-09 23:54:48,"this asshole fish decided to walk out
of the water one day and now | have
to go to work and pay rent

",0.0,0.0,joy,anger,102
That kid is a living legend,27,https://i.redd.it/phm22fx786u51.png,Unknown,0.0,0.0,0.0,165826.0,1476.0,2020-10-20 03:42:58,"Bruh these kids were running a lemonade
stand and | walked up to them and said
""got any grapes"" and this kid dead ass
looks me in the eyes and says ""ah we
prepared for people like you‚Äù and pulled
out a bowl of cold grapes

",-0.4,0.7,joy,anger,223
Don‚Äôt ever be like these guys,29,https://i.redd.it/i3aye5m7wul41.jpg,GlipGlopKing28,242346.0,2237.0,1787.0,165734.0,1714.0,2020-03-10 14:34:02,"The four horsemen of passing back

",0.0,0.0,joy,anger,35
CIA really hired the best there is,34,https://i.redd.it/x5wcbq56r0v41.jpg,zoyanx,34841.0,9236.0,1695.0,164950.0,1007.0,2020-04-25 19:53:40,"what kim jong un saw before
the sedatives kicked in

",0.0,0.0,joy,anger,53
Happened!,9,https://i.redd.it/6hc1d4fl4re71.png,LehrDivision,49353.0,5438.0,1859.0,164698.0,1140.0,2021-08-01 13:52:49,,0.0,0.0,anger,none,3
fucking Lizzy,13,https://i.redd.it/jdcqwezxncr41.jpg,Memstaah,31320.0,901.0,1998.0,164640.0,829.0,2020-04-07 07:40:35,"dinosaurs returning
in april 2020

",0.0,0.0,anger,joy,35
Always has been,15,https://i.redd.it/ycju9dbwzya51.jpg,Fandam_YT,190649.0,114918.0,2212.0,164458.0,731.0,2020-07-15 07:05:10,"Why is it, every time I open reddit,

_p==it‚Äôs. always you three?

",0.0,0.5,joy,anger,67
It's enough to make a grown man cry,35,https://i.redd.it/c47n7tbzofk41.jpg,xavi_chiang,134520.0,3271.0,1881.0,163734.0,1041.0,2020-03-03 10:22:39,"Toddler Rushes to Hug Pizza Deliveryman
Without Knowing He Had Just Lost His
Daughter

You are a good toddler. Thank you
",0.7,0.6000000000000001,anger,sadness,121
Accurate,8,https://i.redd.it/8gxnrdz36ko61.jpg,Ripped_Raccoon,65138.0,1622.0,1698.0,163238.0,941.0,2021-03-22 10:39:59,"Knowledge leaving
my body the moment
| finish an exam

",0.0,0.0,joy,joy,55
And that's a fact,17,https://i.redd.it/z9oh7ligb0i31.jpg,adderix6,39483.0,15006.0,2606.0,163063.0,824.0,2019-08-22 14:03:01,,0.0,0.0,joy,none,3
Suffering from success,22,https://i.redd.it/fsefc4dxnur51.jpg,Nicksharma93,412039.0,4261.0,2879.0,162988.0,786.0,2020-10-08 10:41:15,"Got back from break and they sending me to hr, ... they gave me a promotion Mad

think I‚Äôm finally getting fired ¬Æ@@
ra

",-0.2083333333333333,0.6666666666666666,joy,anger,121
Shit's on fire yo,17,https://i.redd.it/t83asa82q3l51.png,idea4granted,0.0,0.0,0.0,162714.0,595.0,2020-09-04 09:40:19,"Phoenix birds after getting
old and die

me

.
‚Äî)
=
ay
4
=

= . :
sc Me
",0.1,0.2,anger,anger,72
This is why Reddit is better,28,https://i.redd.it/y594n8exi6k31.jpg,re_DQ_lus,50799.0,4012.0,2120.0,162368.0,1132.0,2019-09-02 13:03:52,"depressed
people on
Instagram

depressed
people on
Reddit
",0.0,0.0,joy,sadness,58
The Area 51 raid is still happening right?,42,https://i.redd.it/4hrn18t4lck31.jpg,Flitwick87,719533.0,53680.0,1956.0,161854.0,2981.0,2019-09-03 09:27:44,"Me leaving Area 51 with a shopping
trolley that has four working wheels:

",0.0,0.0,fear,joy,74
It‚Äôs cool I‚Äôll catch it the next time,37,https://i.redd.it/tbzqpyrkxm661.jpg,rperissi,99363.0,1322.0,2129.0,161561.0,1230.0,2020-12-22 00:43:04,"Me trying to
see Saturn &
Jupiter together
for the first time
in 800 years

'

* =
",0.25,0.3333333333333333,joy,joy,83
I edited it horribly because it's made from a phone,51,https://i.redd.it/jh55reemucp61.jpg,itsdablock,65527.0,11399.0,1458.0,161096.0,1468.0,2021-03-26 11:07:15,"there are 2 types
of ""I can't draw""

",0.0,0.0,anger,anger,37
nature is beautiful,19,https://i.redd.it/k0crmrb9qac61.jpg,PrettyCoolTim,735572.0,7890.0,1420.0,161080.0,946.0,2021-01-19 14:05:40,"b-2 bomber

paregrine falcon

my hand reaching
__ into a pringles can

y |
",0.0,0.0,joy,fear,75
Every morning,13,https://i.redd.it/oyw5gxi061671.jpg,ImprudentGoose,63077.0,8529.0,1140.0,161059.0,2088.0,2021-06-18 14:00:25,"My nose every morning of allergy season

",0.0,0.0,anger,fear,41
Celebrities foool,17,https://i.redd.it/hc30d9qpzay61.jpg,jubu_jubu,0.0,0.0,0.0,160984.0,2532.0,2021-05-10 14:29:37,"Celebrities : *flexing with their $100,000
watch*

My $40 watch telling me the same time :

",0.0,0.125,joy,joy,92
Mamma mia!,10,https://i.redd.it/l81qno6mui051.jpg,TheBoneSmasher,111445.0,4223.0,2063.0,160340.0,1162.0,2020-05-23 14:05:43,"Pisa Tower nowadays after
not having any tourists
trying to hold it

",0.0,0.0,joy,anger,69
What the actual fuck netflix,28,https://i.redd.it/vdgr2w3xo8i51.png,SanySpring,13661.0,435.0,1477.0,160145.0,2686.0,2020-08-20 23:10:24,"|
ew what the fuck Ee

is this is this

ew what the fuck
is this

is this
",-0.4,0.6,anger,anger,74
He is immortal,14,https://i.redd.it/g0ntijya7to41.jpg,BigAmerica,128829.0,6930.0,2064.0,159417.0,1909.0,2020-03-25 12:05:05,"anityou just die like aregular meme 4

oe as

",0.0,0.0,joy,anger,46
Stupidity at its best,21,https://i.redd.it/ipwcfj5oe6b51.png,Ruatb,17373.0,2564.0,2035.0,159359.0,1087.0,2020-07-16 08:00:27,"-Quora Q
My son hangs out with an
autistic kid sometimes and |
don't want him to start taking
after him and becoming
autistic. How can I nip this
problem in the bud?

| suggest you have a strong discussion with your child's
other parent and suggest that they do the parenting
from now on as you sound like a moron. Autism is not
contagious, but, I'm afraid stupidity is, so please stop
spreading yours

",-0.1379629629629629,0.6287037037037037,anger,sadness,403
DEMONETIZED,11,https://i.redd.it/u4ww2yxii4x41.jpg,BakedFish---SK,41457.0,5080.0,1549.0,158937.0,1103.0,2020-05-06 10:40:36,"UNLUCKY FELLA

porn ads porn ads

poor youtuber
who said ""fuck""

-_

SRGRAFO
",-0.4,0.6,anger,anger,77
2020 is really messed up,24,https://i.redd.it/mkundkzra8m41.jpg,prestidigitator97,1341680.0,19028.0,1631.0,158830.0,1105.0,2020-03-12 11:38:50,"Coronavirus: ‚Äúexists*

Hand Face mask
sanitizer companies
companies

The dude
playing Plague
Inc on the Area

51 computer

The media f go ¬ª_ Redditors & Z)

Anti-vax ey
people ‚Äú=

okay, get in.

Introverts

4‚Äù People
with the

2 virus

~~

",0.5,0.5,anger,joy,240
"oh it‚Äôs freaking beautiful, so beautiful.",41,https://i.redd.it/c1ol9vakdaf61.jpg,Unknown,0.0,0.0,0.0,158794.0,490.0,2021-02-03 16:06:43,"google maps
mouse cursor be
like

",0.0,0.0,joy,joy,34
Fair enough,11,https://i.redd.it/4u76zs43h8h61.jpg,Godhemself,324736.0,7031.0,1682.0,158611.0,1356.0,2021-02-13 11:51:27,"Physics teacher : what's 40m/s + 30m/s?
Me: 70

Physics teacher :

",0.0,0.0,joy,joy,67
Pick your favorite,18,https://i.redd.it/kwp3xy17iy841.png,iabzeet,210296.0,1578.0,1764.0,158432.0,4009.0,2020-01-05 12:48:52,"Potential EU Leaving Names:

SE Brexit

OB lrexit

#8 Quitaly

Sm Swedone
& Espafiope
GB Abortugal

@ B AdiEU

ees Withdrawsaw
== Nethermind
= Outstria

ts Sleavenia
sm Donemark
= Noatia

== Lat-me-out
",0.0,1.0,joy,joy,202
Every single time.,18,https://i.redd.it/991g1cgy3do61.png,Baker8011,115924.0,6886.0,2376.0,158321.0,884.0,2021-03-21 10:55:35,"‚ÄúYour new password cannot be the same as your
old password.‚Äù

Me, Who‚Äôs been trying the old password for the
past hour:

",0.0172727272727272,0.2459090909090909,anger,anger,121
Why does every movie have to be like this?,42,https://i.redd.it/zo622d2eno551.jpg,Hashbrown924,49156.0,3536.0,1984.0,158177.0,1203.0,2020-06-18 14:56:41,"Volume during Volume during the
the dialogue: action scenes:

",0.1,0.1,anger,anger,62
We all knew that one kid,24,https://i.redd.it/varqv2qiq2w51.jpg,idea4granted,0.0,0.0,0.0,157936.0,2335.0,2020-10-29 18:06:35,"The whole class: ""Ugh, you should
Shave that weird moustache off""

That one kid:

ry \Sey‚Äô 4
No. | dot thiAlePl
",-0.15,0.7,joy,fear,112
Completely cancelled,20,https://i.redd.it/hxa1cmwzqi951.jpg,Unknown,0.0,0.0,0.0,157884.0,364.0,2020-07-07 23:22:39,,0.0,0.0,sadness,none,3
I prefer money,14,https://i.redd.it/olkq3wy5y7t41.png,blazetop21,15570.0,257.0,1695.0,157658.0,1245.0,2020-04-16 17:57:05,"ThistSwor al
",0.0,0.0,anger,joy,13
Ecosystem is back to normal,27,https://i.redd.it/lc7e87asvsq41.png,utkubaba9581,67745.0,8043.0,1722.0,157413.0,781.0,2020-04-04 13:09:03,"Dolphins have returned to Italy

Meanwhile in Japan

",0.0,0.0,joy,fear,53
And so it begins,16,https://i.redd.it/rnw18zo5g5o31.jpg,Net_Warrior,76794.0,2454.0,4423.0,157056.0,779.0,2019-09-22 13:43:07,,0.0,0.0,joy,none,3
Based on a true story,21,https://i.redd.it/seffizco82i51.jpg,adithya17,829499.0,3712.0,1515.0,157024.0,1101.0,2020-08-20 01:28:41,"MV DADIWITH
- HIS SECRET GF.

UMYSISTER
. DANCING TOPLES
",-0.4,0.7,joy,joy,57
Quotes of great men,19,https://i.redd.it/ta0fi26e5ws51.jpg,Smellydude00,0.0,0.0,0.0,156679.0,820.0,2020-10-13 16:45:13,"‚ÄúIf somebody offers you an amazing
a opportunity but you are not sure you

can do it, say yes ‚Äî then learn how to

do it later!‚Äù
Richard Branson
",0.1125,0.4472222222222222,joy,joy,145
This template is the perfect embodiment of the situation,56,https://i.redd.it/2fvok93tqfa51.jpg,Unknown,0.0,0.0,0.0,156533.0,2813.0,2020-07-12 14:21:36,"¬•

petitive

Toxic overcom
",0.0,0.0,joy,anger,27
Comedy genius.,14,https://i.redd.it/wtwx33xlk7661.jpg,dcxr,3107448.0,393290.0,2299.0,156247.0,763.0,2020-12-19 21:03:51,"Me playing a new game in 2070: ""How do |
reload again?""

Kid: ""It's Alt+F4""

Me:

I MES ines cae it was renee.
",-0.1318181818181818,0.4272727272727272,joy,anger,111
My disappointment is immeasurable,33,https://i.redd.it/h3djfot2owr61.png,WaitItsAllMemes,567975.0,7163.0,1444.0,156189.0,1008.0,2021-04-08 07:55:03,"When you finally It's just a playlist
find the song on Spotify |named with the song name

",0.0,1.0,joy,joy,90
bedtime friendly,16,https://i.redd.it/vl24sym8fpy51.png,Squeezyballs,13159.0,3731.0,3466.0,156024.0,1860.0,2020-11-12 00:33:06,"Youtube: goes down
The entire internet:

",-0.0777777777777777,0.4569444444444445,joy,anger,41
Siiienss,8,https://i.redd.it/ptjlbjo1hor71.jpg,Blackbeard-14,198354.0,19712.0,1472.0,155877.0,1048.0,2021-10-05 18:49:40,"| like them thicc af

- But Sir Newton, we can‚Äôt
write that!

- Then write this: The
greater the mass, the
greater the force of
attraction

- ‚Äî‚Äî
",0.5,0.5,fear,joy,145
So we had a 5.7 earthquake in Utah this morning,47,https://i.redd.it/5k7kinn38gn41.jpg,toxicpenguin9,14400.0,6570.0,3054.0,155700.0,1423.0,2020-03-18 15:22:13,"waking up to an
earthquake this
morning like

",0.0,0.0,fear,fear,46
Sorry buddy,11,https://i.redd.it/ib3p2ekvizb61.jpg,HomiieEric,36733.0,7961.0,1536.0,155521.0,559.0,2021-01-18 00:24:30,"e ing 2
unfinished chicken ~‚Äî
nuggets

made with mematic
",-0.6,0.95,sadness,joy,57
A good reason to live there,27,https://i.redd.it/4wrjicfo23m51.png,Josan678,0.0,0.0,0.0,155228.0,1439.0,2020-09-09 08:33:21,"I ‚Äòneither, but the
= agits a bigsplus 7

",0.0,0.0,joy,joy,42
I dunno,7,https://i.redd.it/2twimrfu3ua51.jpg,Dagur145,21239.0,4454.0,2107.0,155169.0,974.0,2020-07-14 14:38:24,"made, withymematic
",0.0,0.0,joy,joy,19
I hate this,11,https://i.redd.it/kihfiv7gebj41.jpg,JustCalmUp,44422.0,3739.0,1811.0,154840.0,926.0,2020-02-26 18:52:58,"The teachers copy What they give you

",0.0,0.0,anger,joy,38
"""Oh, my son. They were only trees""",34,https://i.redd.it/0u481v81kem51.jpg,bobekyrant,0.0,0.0,0.0,154651.0,845.0,2020-09-10 23:10:14,"erykah-budew

When it‚Äôs 2040 and you discover that your parents
accidentally burned down half of California telling
people you were a boy:

Father tell me you didn‚Äôt do this.
",-0.1611111111111111,0.2277777777777778,anger,fear,175
irl crossover,13,https://i.redd.it/8ie60kbgbzg51.jpg,SickMotherLover,0.0,0.0,0.0,154016.0,880.0,2020-08-14 14:34:44,,0.0,0.0,anger,none,3
why do we do this,17,https://i.redd.it/d7twm80mqtn61.jpg,PrettyCoolTim,735572.0,7890.0,1420.0,154013.0,1736.0,2021-03-18 17:47:18,"== screenshots :
J). neverpuse >

",0.0,0.0,anger,joy,34
"‚ÄòNow that we‚Äôre men, we have facial hair..‚Äô",43,https://i.redd.it/f97i7e7r7m851.jpg,notkhaos,1022830.0,115729.0,2020.0,153980.0,1063.0,2020-07-03 09:57:47,"Teacher: I need 4 strong men to
pick up these boxes!

6 year old me and the boys:

. 7 7
> ¬ª
o ;
‚Äò

",0.3208333333333333,0.4666666666666667,anger,joy,100
maybe next time,15,https://i.redd.it/m5drh72khs661.jpg,PrettyCoolTim,735572.0,7890.0,1420.0,153597.0,634.0,2020-12-22 19:24:01,"me: ‚Äúlooking for jupiter and saturn‚Äù

the sky:

we erycooltim
",0.0,0.0,joy,joy,62
thats too perfect,17,https://i.redd.it/i5ipbsu20kf61.png,irmisltu,14621.0,518.0,2316.0,153415.0,872.0,2021-02-05 00:29:03,"a fucking, bat
‚Äúee / perfect Tokyo
olimpics logo

",0.2,0.9,joy,joy,50
Pok√©mon and Kirby here I come,29,https://i.redd.it/qucftkpkeso51.jpg,GravyxNips,1261021.0,255237.0,1763.0,153392.0,724.0,2020-09-22 23:52:52,,0.0,0.0,joy,none,3
don't leave home without it,27,https://i.redd.it/h3bg0ew8rrg51.jpg,tteeggeerr,217455.0,4514.0,1574.0,153193.0,1012.0,2020-08-13 13:13:10,"some americans worry vaccines will
have microchips to track them

their phones:

",0.0,0.0,anger,fear,81
I'm looking at you gta,22,https://i.redd.it/tu0r0232jwy41.jpg,itsclickerzyt,16473.0,6627.0,1627.0,153052.0,1898.0,2020-05-15 09:57:39,,0.0,0.0,joy,none,3
I deserve it,12,https://i.redd.it/ygmrpm873o261.jpg,PR0CR45T184T0R,1773300.0,20689.0,2096.0,153016.0,887.0,2020-12-02 00:19:50,,0.0,0.0,joy,none,3
Every time,10,https://i.redd.it/d0c3d5ohhx161.jpg,GravyxNips,1261021.0,255237.0,1763.0,152938.0,782.0,2020-11-28 06:51:50,"Trying to find the right spot to
sit around a campfire be like:

",0.2857142857142857,0.5357142857142857,anger,anger,65
"Behold, my debt!",16,https://i.redd.it/bkvajjr556461.jpg,winkysocks21,1770200.0,77347.0,1780.0,152670.0,906.0,2020-12-09 14:07:02,"eZ
Rb
as

Me, a dumb fuck

¬£2

r > a still |
¬ª dumb fuck but: *
now with ‚Äòane
",-0.3874999999999999,0.55,anger,sadness,78
Slap it quick!,14,https://i.redd.it/dxpezpdub1d51.jpg,Cringeboy420,16262.0,1073.0,1754.0,152667.0,1430.0,2020-07-25 17:05:56,"Leg hair: moves ever
so slightly

My brain:

",-0.1666666666666666,0.1666666666666666,anger,joy,45
It's true,9,https://i.redd.it/2qd58nrlka261.jpg,yeyo1600,31121.0,7982.0,1941.0,152495.0,1810.0,2020-11-30 02:52:28,"Me knowing =
damn well the
bloodline dies

withme ¬©

",0.0,0.0,joy,anger,53
Could you not fall out of the buns FOR ONE SECOND!,50,https://i.redd.it/42v0z2z3jmt31.jpg,hishon01,350692.0,9446.0,1882.0,152234.0,860.0,2019-10-20 04:30:35,"me: *bites into burger*

everything on the opposite
end of the burger:

",0.0,0.0,anger,anger,72
I didn't know how to phrase the caption.,40,https://i.redd.it/ioy0deoz4gb51.jpg,LoudnessofTheLambs,74351.0,2105.0,1880.0,151748.0,1022.0,2020-07-17 16:44:18,"When mute is too quiet but 1

is too loud
",0.05,0.5666666666666667,fear,anger,42
Well done,9,https://i.redd.it/3sxwbhxim7c51.jpg,winkysocks21,1770200.0,77347.0,1780.0,151672.0,663.0,2020-07-21 13:10:23,"one time this dude was being stupid
so i said
‚Äúwell you can‚Äôt spell stupid without

‚Äù

u

and he got really angry and shouted

‚ÄúWELL THERE‚ÄôS AN ‚ÄòI‚Äô IN STUPID
TOO‚Äù

",-0.7249999999999999,1.0,joy,anger,164
Infinity Widow,14,https://i.redd.it/uj5ah6sswxm51.jpg,boukalele,158146.0,60787.0,3375.0,151512.0,926.0,2020-09-13 16:15:38,"Te)
",0.0,0.0,joy,anger,4
Shut up peasant,15,https://i.redd.it/4rkyqa6krsz51.jpg,NiceLettuce4,0.0,0.0,0.0,151232.0,1445.0,2020-11-17 12:51:07,"Newslocal 7 Inner West

Scotland allows customers
to buy land and become a
Lord or Lady for less than
$50.00

Is it time you were shown the respect you deserve?
Put your life as a commoner behind you and join
the nobility with a Scottish title.

",-0.1888888888888888,0.3111111111111111,anger,joy,246
One apple a year keeps your wallet empty,40,https://i.redd.it/do91pn2cdzl31.jpg,VangeeOP,361919.0,61088.0,2062.0,151130.0,3523.0,2019-09-11 15:08:18,"‚ÄòWHEN YOU/ADD ANOTHER CAMERA ERA
BUT NOBODY BUYS YOUR|PHONES

Zz

o-

I @-
",0.0,0.0,sadness,joy,75
You 1.8k people wanted it,25,https://i.redd.it/z0gc9rwi4lm31.jpg,Pajamakinz,0.0,0.0,0.0,151073.0,1700.0,2019-09-14 16:18:10,,0.0,0.0,anger,none,3
What they doin over there?,26,https://i.redd.it/exdwahn89bn51.jpg,Mandarics,8629.0,1720.0,1769.0,150947.0,676.0,2020-09-15 13:08:31,"Me upvoting Among Us
memes even though |
don't play the game

",-0.4,0.4,anger,anger,62
It‚Äôs a setup,12,https://i.redd.it/lf8brsfxysx51.jpg,Elchappell,23920.0,464.0,1350.0,150891.0,540.0,2020-11-07 11:24:08,"Photographer stands completely unaware
of a stag just feet away from him

Sun Reporter
7 Nov 2020, 01:06 | Updated: 7 Nov 2020, 01:07

~ Astag A photographer 9

‚Äî‚Äî‚Äî - --~

=| iL -‚Äî‚Äî Another
Se ee photographer

4
--

<a
A

‚Äî~
",0.0,0.5,joy,fear,225
I hear so many new sounds,25,https://i.redd.it/w94w85ijrcc71.jpg,Androvium,633361.0,10562.0,1751.0,150868.0,1541.0,2021-07-20 11:25:08,"When you buy some high end
headphones and start hearing sounds
you‚Äôve never heard before from your
favourite song

",0.16,0.54,joy,joy,115
You know it‚Äôs a good tutorial when the voice-over sounds tired,62,https://i.redd.it/p06kzk4zbyz71.jpg,InsrtRandomUserHere,55919.0,14114.0,1426.0,150725.0,1290.0,2021-11-16 12:32:07,"You find a
tutorial

It‚Äôs under 5
minutes

It has great like-
to-dislike ratio

Has a depressing/
tired voice

Gets straight to
the point

",0.2,0.6166666666666667,sadness,sadness,139
Can we be bring this meme back?,31,https://i.redd.it/oys2v038bn751.jpg,Unknown,0.0,0.0,0.0,150700.0,1090.0,2020-06-28 12:34:52,"vvnen you close Scnools
at a thousand cases but
reopen at 1.7 million:

The risk I took was calculated,

but man,

am I bad at math.

",-0.6999999999999998,0.6666666666666666,anger,anger,134
The snake charmer is called a 'sapera',38,https://i.redd.it/6vv4gqqjdem41.jpg,Unknown,0.0,0.0,0.0,150644.0,729.0,2020-03-13 08:05:05,"Indian dude: blows
into a weird pipe

Snake:

",-0.5,1.0,joy,fear,46
"Ah, victory",11,https://i.redd.it/nixus84kl1t51.jpg,D-Doss667,105054.0,9980.0,2239.0,150607.0,695.0,2020-10-14 11:04:35,"When that annoying kid running
around the restaurant finally hits his
head and starts crying

",-0.3333333333333333,0.8333333333333334,joy,anger,94
"Go Chtulu, do ""Eat his soul""!",29,https://i.redd.it/749hxqf31ro51.jpg,TheAntiAirGuy,207624.0,94956.0,1714.0,150548.0,774.0,2020-09-22 19:16:04,"Pokemon evolutions be like:

",0.0,0.0,anger,joy,29
Best of both worlds,19,https://i.redd.it/a88mk426gtq61.png,Unknown,0.0,0.0,0.0,150538.0,809.0,2021-04-02 20:00:49,"ativalil tt
Gineek

their grades

afraid (¬©
check both
",-0.6,0.9,joy,fear,55
Based on a true story,21,https://i.redd.it/w7e2pdor4e951.jpg,AOTTTN,46998.0,14265.0,2062.0,150434.0,461.0,2020-07-07 07:50:56,"A magician guessing wrong on
purpose: Is this your card?

Me, a professional introvert: Yes

Me and the magician:

",-0.2,0.5,joy,joy,115
Context: the livestream got taken down yesterday,48,https://i.redd.it/665x45t5uwa91.png,deguligni,19040.0,4143.0,1190.0,150300.0,3268.0,2022-07-11 09:45:10,"longest-running
livestream

they own, commmissione
Fla rtworks

ae

YEG, ik a
FMC Musice'Sdny Bhd) =

a
Malaysia - ae
",0.6,1.0,anger,joy,118
Skip skip skip,14,https://i.redd.it/bh4a8tbk42i61.jpg,Unknown,0.0,0.0,0.0,149839.0,1308.0,2021-02-17 15:34:27,"YouTuber: ‚ÄúBut before
that, | want to thank
today‚Äô S es

He
1 Z
‚Äò ' J
b F
)

",0.0,0.0,fear,joy,77
So much in common,17,https://i.redd.it/gvpmt6fvzc061.jpg,Unknown,0.0,0.0,0.0,149803.0,1284.0,2020-11-20 08:53:19,"Dora The

~ Explorer
L. } Rie ‚Äú Ls ‚Äò

: Having the same
middle name
",0.0,0.0625,anger,joy,68
I'd like to call a friend,25,https://i.redd.it/fu26jrx6zc161.png,AdeebHasan,16461.0,1007.0,1676.0,149659.0,438.0,2020-11-25 09:53:44,"Allow Calculator to make
and manage phone calls?

DENY ALLOW

‚Äúny Calculator when i

gn
¬£
re

",0.0,0.0,anger,anger,94
The true heroes,15,https://i.redd.it/uh5j3k4zvss61.jpg,Theundiscoveredroad,53297.0,8195.0,1912.0,149562.0,1655.0,2021-04-12 20:15:44,"¬ª People, who PUt
mtrash ingtheir

ane

eke cy &- _‚Äî) pockets luntilfth
msg findga aitiash en

",0.0,0.0,joy,anger,95
Get this man a Spiderman pic,28,https://i.redd.it/spfs88d1z3151.jpg,Unknown,0.0,0.0,0.0,149531.0,552.0,2020-05-26 13:07:55,,0.0,0.0,fear,none,3
I've been waiting for this,26,https://i.redd.it/bh16n0dykwk51.png,Brainless_Gamer,128593.0,19310.0,1895.0,149298.0,912.0,2020-09-03 09:39:44,,0.0,0.0,anger,none,3
I really like this series,25,https://i.redd.it/k89hoaortky41.png,Unknown,0.0,0.0,0.0,149064.0,1072.0,2020-05-13 18:36:18,"g ago four nations lived together in

",0.0,0.0,joy,anger,38
I couldn‚Äôt resist. Enjoy.,25,https://i.redd.it/hyfjz15xzf951.jpg,the-real-agent-crab,34640.0,23213.0,1564.0,148995.0,596.0,2020-07-07 14:07:20,,0.0,0.0,love,none,3
Depressed pigeon,16,https://i.redd.it/bdjnadsmxzs41.jpg,XxANONYMOUS_SniperXx,237926.0,1396.0,1585.0,148980.0,806.0,2020-04-15 14:59:51,"WCG 32063 4 +4.32% CGC 49.42 492% REGN
",0.0,0.0,sadness,fear,39
Poor yoda,9,https://i.redd.it/7ww9dilznub41.jpg,viral-architect,30974.0,17950.0,2218.0,148975.0,460.0,2020-01-20 03:06:43,"Now that | have children | really
understand the scene in Return
of the Jedi where Yoda is so

tired of answering Luke's
questions he just up and dies.

",-0.1,0.4499999999999999,sadness,sadness,153
Forget I‚Äôll just send a winky face,34,https://i.redd.it/p6rb31u8oyu61.jpg,DutchOfSorissi,53402.0,20098.0,1770.0,148959.0,1112.0,2021-04-23 17:51:22,"| be
Yj f
> - :
Ft
oy ial
og. m
> i
re ‚Äúih
eS <S ;
S
: . Kw :

Where the fuck is thatemoji>?

",-0.4,0.6,joy,anger,94
absolutely astonishing,22,https://i.redd.it/uenny0hv2np51.jpg,jack_g1bson,40948.0,652.0,1729.0,148793.0,845.0,2020-09-27 07:02:29,"The three guys that made among us
watching their game blow up 2 years later

",-0.2,0.2,surprise,anger,77
all cats good,13,https://i.redd.it/hdw24jjatyf51.png,notsureaboutLIFE24,0.0,0.0,0.0,148504.0,1003.0,2020-08-09 11:48:55,"Someone: black cats
are bad luck get it away

black cats:

",-0.3444444444444444,0.5111111111111112,joy,anger,59
Long corgi,10,https://i.redd.it/2826kh07vos51.jpg,comit_autocoprophagy,41084.0,6879.0,1403.0,148108.0,895.0,2020-10-12 16:15:24,"Dragons in European folklore:

",0.0,0.0,anger,joy,31
*increasing visual happiness*,29,https://i.redd.it/pf8he3gfd9551.jpg,bigwillythefirst1066,46578.0,6917.0,1525.0,148074.0,1179.0,2020-06-16 11:34:02,,0.0,0.0,joy,none,3
Can we please just let this meme die already?,45,https://i.redd.it/vzobfcz0wue51.jpg,Unknown,0.0,0.0,0.0,147841.0,1301.0,2020-08-03 21:33:06,"Me browsing reddit for like the
past week

ZZ PX

",-0.25,0.25,anger,anger,50
It can‚Äôt just be me,19,https://i.redd.it/4i1a4r1j0ou41.jpg,peabut_nutters,96039.0,1070.0,1593.0,147774.0,926.0,2020-04-24 01:03:00,"Me staring at a random spot in the
room, trying to trick a ghost into
thinking | can see it:

",-0.5,0.5,joy,fear,94
Hell nah,8,https://i.redd.it/ecdmc1qdaym61.jpg,YatzyErEnSport,34031.0,6266.0,1503.0,147691.0,1121.0,2021-03-14 08:00:52,,0.0,0.0,anger,none,3
F for respect,13,https://i.redd.it/r5wafdpuxlc51.jpg,megbliss,52310.0,8732.0,3480.0,147661.0,879.0,2020-07-23 13:18:48,"Last Qantas /47 flight
draws iconic kangaroo In
the sky on its final
journe ‚Äî~ Australia.

=

Fe

~

a

This little maneuver is gonna gainus 4 Kangaroo
",0.078125,0.5166666666666666,joy,joy,152
Back in my day,14,https://i.redd.it/hjdw43je6l271.jpg,baron_von_jackal,63227.0,27457.0,3843.0,147561.0,3717.0,2021-06-01 05:02:47,"My parents in their 30s

This would make a lovely second
home for our family to winter in.
Hopefully the garage can fit both
our cars, snowmobile and ski
equipment.

Me in my 30s

I'll never financially recover from

this purchase.

",0.225,0.2875,anger,love,233
science fairs are wild,22,https://i.redd.it/hs6pw70y38551.png,Unknown,0.0,0.0,0.0,147412.0,2167.0,2020-06-16 07:20:55,"14-YEAR OLD STUDENT BUILDS AN
ATOMIC BOMB AS A SCIENCE PROJECT

x ~~. that boy who got arres
& for making aclock tha a
b-

} thought was.a bo

- * a ,

",0.1,0.2,joy,anger,152
Porry Hatter,12,https://i.redd.it/n2hky46iwya41.jpg,NOTDHRUVIL,59583.0,557.0,1846.0,147361.0,479.0,2020-01-15 16:17:44,"Kid: Calls his mom
Mom: I‚Äôm cooking

Kid: Just pause it
Mom:

",0.0,0.0,anger,joy,62
Milking the life out of it.,27,https://i.redd.it/adq4k81csth51.jpg,G3tsPlastered4Alvng,64977.0,19076.0,2056.0,147259.0,446.0,2020-08-18 21:02:48,"What are you doing?

az

Making a DiCaprio meme.

Aren't there like 100 of them
on Reddit right now?
",0.2857142857142857,0.5357142857142857,anger,anger,101
Never gonna happen,18,https://i.redd.it/zbk235yn8zj61.png,coolkarmact,217903.0,11030.0,1940.0,147214.0,2572.0,2021-02-27 08:00:34,"Youtube shows
100 ads before
every video

) Me still not buying
Youtube Premium

‚Äò {
",0.0,0.0,joy,joy,85
I hope people will appreciate this new template :),50,https://i.redd.it/j3ov5ij5eqi51.jpg,Unknown,0.0,0.0,0.0,147181.0,1165.0,2020-08-23 10:42:07,"Me, finally coming out of ‚Äî
my room to socialize

| {]
_

;
> |
7) | |

A, 1; \

‚Äòlook who's emerged from< ) A

his cave‚Äù \

""No we're not having
dinner yet""

‚ÄúWow, | thought you ve

gone extinct‚Äù

",-0.1,0.8666666666666667,joy,fear,198
It's a celebration!,19,https://i.redd.it/5r5h2xgari861.jpg,xSelf14,32755.0,2098.0,2095.0,146889.0,515.0,2020-12-31 12:51:53,,0.0,0.0,joy,none,3
Forgive me daughter,19,https://i.redd.it/lb5zra6t25361.jpg,FreddyKrum,359557.0,12520.0,1876.0,146843.0,494.0,2020-12-04 09:27:57,"Daughter: Dad look!
| can do math!

14th century Dad:

",0.0,0.0,sadness,joy,55
how do they know?,17,https://i.redd.it/l6tfjgjqmtw31.png,MilesyBaz,54866.0,1841.0,1975.0,146735.0,1106.0,2019-11-05 07:35:47,"When you win a match at 3 am and you
hear your parents clapping from their room

",0.8,0.4,anger,joy,81
He should change his hairstyle,30,https://i.redd.it/5vo656mg9w481.jpg,Fancy-Commission-598,456606.0,20475.0,1451.0,146675.0,1968.0,2021-12-11 10:55:08,"These are 4 separate movies

",0.0,0.0,joy,anger,29
He did it,9,https://i.redd.it/dkfj1vnjhuk31.jpg,bot70,33195.0,9450.0,1957.0,146572.0,1082.0,2019-09-05 21:38:52,"Wife Remarries Her Husband As She Falls In Love With Him
Again After Losing Her Memory

I'm still worthy!
",0.4583333333333333,0.8,anger,joy,106
Them be straight,16,https://i.redd.it/7kdff3tg20g51.jpg,OrganicHotDog,28131.0,5067.0,1823.0,146169.0,905.0,2020-08-09 16:02:08,"Teeth be like

Before braces:
",0.0,0.0,joy,anger,30
It do be like that,18,https://i.redd.it/j2d7q2fjfon51.jpg,kagrenzel27,9926.0,507.0,3206.0,146105.0,866.0,2020-09-17 09:27:01,"When you dismantle all
your equipments to forge a
Legendary Equipment

",1.0,1.0,joy,joy,71
Society is strange,18,https://i.redd.it/j5ydxwew5o861.jpg,Unknown,0.0,0.0,0.0,145964.0,1220.0,2021-01-01 07:01:29,"My sees Sang thatiifjl
Clot become:
the

ni Work ate wea‚Äù
- ~~ McDonalds=-

¬Æ sayingftnatif)
_. don't Work, Iatd
$l ll, become‚Äô there

wito more than
i either of them
",0.5,0.5,surprise,joy,167
Can we just appreciate everyone equally?,40,https://i.redd.it/diu3qp8r8ov31.jpg,George2110,2249605.0,672066.0,1869.0,145887.0,1706.0,2019-10-30 12:24:24,"‚Äò4 jOkraind theonly
country'that' donated
{ to teamtrees.org
",0.0,0.0,joy,joy,61
First time posting. I‚Äôll delete if repost.,42,https://i.redd.it/o2oiwwq4o7061.jpg,Yoshino_Aozora,9796.0,323.0,2335.0,145755.0,1042.0,2020-11-19 14:58:37,"H20O Molecules at 0"" v

fi

H20O et ah at 0. As c

* ARidg

ae ¬´x w2

",0.0,0.0,joy,joy,70
You absolute fool,17,https://i.redd.it/8enf8w6po1e51.jpg,Unknown,0.0,0.0,0.0,145526.0,495.0,2020-07-30 19:20:11,"iMessage

Today

Wanna come over?

No ones home 6

",0.0,0.0,anger,anger,51
"It was there already, I swear",29,https://i.redd.it/9159wl0xanf51.jpg,PandoraNyxie,2475273.0,70687.0,2024.0,145518.0,556.0,2020-08-07 21:06:13,"teacher: ""ok who drew the penis on
the board?""

the class:
F Laz

",0.5,0.5,anger,anger,66
pizza time stops,16,https://i.redd.it/d6d7axpca9n61.jpg,Static_456,0.0,0.0,0.0,145456.0,1016.0,2021-03-15 21:00:03,"wearing socks
for 9 hours
straight

rewearing socks
after taking
them off

",0.2,0.4,anger,joy,75
Love to see it,14,https://i.redd.it/u2qm29so25e61.jpg,fajita0,0.0,0.0,0.0,145308.0,560.0,2021-01-28 21:12:43,"Billionaires: invest and you can make
millions!

People: *invest and make millions*
Billionaires:

made with mematic
",0.0,0.0,love,joy,117
sounds like a real fun delivery,31,https://i.redd.it/fuu3otdwbef51.png,SkrooImperator,1424654.0,38887.0,1993.0,145219.0,708.0,2020-08-06 14:55:57,"rant Notes:

to 1s doe Yell Oi Cunt really
loud.

1 x #30 Family Pizza Deal 26.90
All Meat (Family)
Soft Drinks (1.251)
i Pat. =~ si ‚Äî‚Äî

",0.1,0.575,joy,anger,137
If it still works.....,22,https://i.redd.it/v7lzqld9kaq51.png,JustSomeDude049,209352.0,30923.0,2141.0,145155.0,1183.0,2020-09-30 14:00:58,"PS5: *Will have 4K graphics*

Me using the same TV since
2012:

",0.0,0.125,joy,joy,64
Made with slow internet,23,https://i.redd.it/fn9t1s4lmbu31.png,anti-hero7501,67995.0,40939.0,1759.0,145140.0,847.0,2019-10-23 16:54:40,"YouTube loading a 4K 2
hour long video

",-0.05,0.4,anger,joy,40
Bye bye Earth and problems,26,https://i.redd.it/e24ezebvkv251.jpg,DjaNikPro,219133.0,15274.0,1709.0,144897.0,563.0,2020-06-04 11:02:31,,0.0,0.0,anger,none,3
Oof size Large,14,https://i.redd.it/oa44fmpqtrk51.jpg,Cyan-Ghost,0.0,0.0,0.0,144855.0,520.0,2020-09-02 17:42:32,"yd r/  heMonkeysraw
u/ *9h

| wish for the ability to switch
between normal sight, and
sight that makes me see all the
people that want to have sex
with me.

24k 145 it, Share Li]

37 BEST COMMENTS ~

Granted. You now have the ability to
close your eyes.

",0.575,0.475,joy,joy,256
Open fire,9,https://i.redd.it/yp752vo5dlh51.jpg,Knight_Fisher61,539200.0,114676.0,1798.0,144770.0,1634.0,2020-08-17 16:43:36,"Let's not go into 2020 being fools
phone flipped over means either you
hiding something or cheating vr &-

No | flip my phone over to let you
insecure fools know Im focused on
you

",-0.5,0.875,anger,anger,181
Cry if you need to,18,https://i.redd.it/dijkw41eipb61.jpg,TheOneYe,159028.0,27712.0,1561.0,144729.0,1091.0,2021-01-16 14:43:58,"When you find a picture of your dog
years after he passed away

You're as beautiful
as the day I lost you
",0.85,1.0,anger,sadness,106
This is big brain time,22,https://i.redd.it/mgibqrhdott51.jpg,Unknown,0.0,0.0,0.0,144684.0,968.0,2020-10-18 09:30:15,"boomers after
sexualizing the
term ""baby""

millenials after ¬©
sexualizing the
term ""daddy""

gen-Z after
sexualizing the
term ""step""

",0.0,0.0,joy,love,133
Dads are the best,17,https://i.redd.it/jsk2ldseoty51.png,GilneanRaven,57797.0,33163.0,2419.0,144498.0,902.0,2020-11-12 14:52:19,"ati
You and | are not so different,
",0.0,0.6,joy,sadness,36
You what!,9,https://i.redd.it/w64oe2cg5kq61.jpg,StreetReporter,1156396.0,986605.0,1644.0,144341.0,1005.0,2021-04-01 12:44:59,"ON|THIS DAY/21\VEARS AGO}
SPONGEBOB PLAYED|THE SRERTESY PRANK EVER)

",0.0,0.0,anger,anger,69
It‚Äôs only natural,17,https://i.redd.it/8oju7cz2fjq51.jpg,vicke1230,35389.0,4679.0,1459.0,144125.0,735.0,2020-10-01 19:47:57,"Redditors on October 1 at 00.01:

Pia 2058
BONE!

",0.0,0.0,joy,joy,50
Them air vents be so clean,26,https://i.redd.it/e5pmk9ayl0571.jpg,Kookyminer,158625.0,1424.0,1587.0,144077.0,1984.0,2021-06-13 11:03:26,"Air vents irl Air vents in movies

made withimenjatic
",0.0,0.0,joy,anger,54
Spongebob,9,https://i.redd.it/uhsw3xfsnst41.jpg,StubbyBou,12612.0,2468.0,1877.0,143981.0,614.0,2020-04-19 15:36:20,"The world: *is ending*

Food delivery workers:

made with love
",0.5,0.6,anger,joy,63
Movie logic be like,19,https://i.redd.it/eaf5ifx296661.jpg,R3DDRAG0NBR0,11927.0,592.0,1560.0,143940.0,1838.0,2020-12-19 16:37:16,"HAS BULLET- BULLETPROOF BULLETPROOF
PROOF SKIN SKIN

",0.0,0.0,joy,joy,53
Come on man,11,https://i.redd.it/xbqdnhfxca851.jpg,MilkyChast,902346.0,72682.0,1965.0,143764.0,1062.0,2020-07-01 18:05:26,"Man Who Lost Arm By
Plunging It Into Lava
Smugly Refuses To
Describe What Lava
Feels Like

‚Äô ah t
That information is on a need-to-know basis.
",0.0,0.0,anger,anger,143
Multitasking ftw.,17,https://i.redd.it/u3e2pwbpt9071.jpg,Tyja136,207597.0,10632.0,1725.0,143724.0,2035.0,2021-05-20 12:42:17,"Write
presentation.
",0.0,0.0,joy,joy,20
That one guy,12,https://i.redd.it/jlhc2z8mc3t41.jpg,Unknown,0.0,0.0,0.0,143711.0,514.0,2020-04-16 02:29:11,"When your
family is broke
af and needs
you to work

When your
uy grandson finds
‚Äú= a golden ticket
= toa chocolate
factory

",0.3,0.5,anger,sadness,124
"Seriously, no mercy at all",26,https://i.redd.it/ad94qcd4hyk61.jpg,cyanide-tastes-lit,0.0,0.0,0.0,143576.0,556.0,2021-03-04 06:30:51,"Me after

My pet
crusning
my balls
",0.0,0.0,anger,anger,35
What majikery is this big brother?,34,https://i.redd.it/xxt47969jlw51.jpg,hardikupreti,1176788.0,202051.0,1624.0,143542.0,438.0,2020-11-01 09:19:41,,0.0,0.0,anger,none,3
RETURN TO,9,https://i.redd.it/yx20493kwhd61.jpg,I_like_beanies,203093.0,70157.0,1346.0,143291.0,863.0,2021-01-25 15:17:41,"Godzilla:*literally a giant plasma breathing
radioactive thermonuclear bomb lizard*

King Kong:

",0.0,1.0,joy,anger,97
1st meme of the Decade,22,https://i.redd.it/rneyy2pkzx741.jpg,Dr_K07,29043.0,236.0,1856.0,143247.0,2714.0,2019-12-31 10:00:24,"Americans tralians,
and Europeans ff )

r/memes
u/Dr_KO7 + ip

J 1st Meme of The Decade

We

i

flaughte

made with mematic -You d umb
",0.0,0.0,joy,joy,135
A lot of things going on this year,34,https://i.redd.it/n9e3b37ka1351.jpg,Unknown,0.0,0.0,0.0,142918.0,695.0,2020-06-05 06:15:46,"Time traveler: Hey what year is this?
Me: 2020

Time traveler: Has it happened yet?
Me : What?

Time traveler: The disaster
Me:

",0.0,0.0,anger,sadness,129
It should be time by now,24,https://i.redd.it/r6yd2n0ztsu51.jpg,Unknown,0.0,0.0,0.0,142842.0,753.0,2020-10-23 07:43:57,,0.0,0.0,joy,none,3
Everybody's dumb but me,23,https://i.redd.it/y85ivtkiq8v51.jpg,Unknown,0.0,0.0,0.0,142788.0,658.0,2020-10-25 13:13:05,"Teacher: There are 118 elements

The smart kid
who knows about
Ununennium

The quiet kid who
knows about the
element of suprise

Me who watched
Avatar: The last
Airbender and knows
_ there are only 4
elements

",0.0535714285714285,0.5107142857142857,sadness,joy,210
Hope you have a great day!,26,https://i.redd.it/flfj9be0ixm51.jpg,Lucabanana19,36734.0,1260.0,1793.0,142663.0,771.0,2020-09-13 14:52:45,"Teacher : what come's after 720 ?

Me: 721

Teacher : Then why did you write 1080 ?

",0.0,0.0,joy,anger,85
Well...,7,https://i.redd.it/0vbls6f3ozj61.jpg,beingsmo,36483.0,8564.0,1510.0,142649.0,1143.0,2021-02-27 09:26:52,,0.0,0.0,joy,none,3
This template has never been used more accurately.,50,https://i.redd.it/5i6rkur5l2x41.jpg,Abhilash_Tayade,40114.0,2526.0,1926.0,142528.0,1011.0,2020-05-06 04:11:51,"HAS TWO MEANINGS:
Forget Everything And Run
or
Face Everything And Rise.
THE CHOICE IS YOURS.

_ = xa m=! f Cie
>. % . ‚Äî

",0.0,0.0,anger,joy,122
Gotta charge it up.,19,https://i.redd.it/xzapt802ip061.jpg,Gabe_ds,15679.0,893.0,1508.0,142491.0,609.0,2020-11-22 02:56:37,"How Draco gets ready to
pronounce the P in Potter

",0.2,0.5,anger,joy,51
Ayy sexy lady,13,https://i.redd.it/g2pfd7wvi3h41.jpg,maximusgibus,21361.0,486.0,1815.0,142478.0,904.0,2020-02-15 14:14:42,"bee

",0.0,0.0,joy,anger,5
To all my past teachers I'm sorry,33,https://i.redd.it/aud9rihtfxl61.png,where_did_my_mom_go,27952.0,3620.0,1564.0,142459.0,1205.0,2021-03-09 04:05:13,,0.0,0.0,sadness,none,3
I completely D I E D,20,https://i.redd.it/iqdmn4zly6k51.jpg,Unknown,0.0,0.0,0.0,142327.0,864.0,2020-08-30 19:29:25,,0.0,0.0,anger,none,3
Good work goes unnoticed,24,https://i.redd.it/pqszsvw6y8j51.jpg,lliH-knaH,0.0,0.0,0.0,142272.0,1079.0,2020-08-26 01:06:35,"Teacher: You better study hard or you
will end up like Mr. Willis, the janitor.

Mr. Willis, the janitor who makes more money
than the teacher and has no students debts.

ee

",0.236111111111111,0.5138888888888888,joy,anger,175
Oh dear...,10,https://i.redd.it/b5mdy886vbf61.jpg,Electric457,94484.0,1974.0,1548.0,142250.0,808.0,2021-02-03 21:07:28,"[ive TW] =

Russia just had its
warmest winter
temperatures, leaving

Moscow snowless

",0.0,0.0,joy,sadness,87
Only some of them are toxic,27,https://i.redd.it/yzdxxciyrom41.jpg,Varun157,195630.0,33660.0,1641.0,142246.0,1483.0,2020-03-14 19:03:38,"WEEKLY MEDITATION GROUP

GOD PREFERS
KIND ATHEISTS

OVER HATEFUL
CHRISTIANS

YOU ARE A GOOD CHURCH, THANK YOU
",0.6499999999999999,0.75,anger,anger,110
So there is this scientist...,29,https://i.redd.it/vriyh3obv1m41.jpg,thepotsmoker,442280.0,18924.0,3547.0,142146.0,1733.0,2020-03-11 14:01:32,"""So there is this scientist right? And the
dudes a fuckin genius, |'m talking different
dimensions destroying whole existences
genius aight. But this guy, THIS FUCKIN
GUY, decides """"eh, fuck it I'm bored"""" and
he turns himself into the most outrageous
thing! Smart ass dude turns himself into a
Pickle! A FUCKIN PICKLE. Funniest shit

I've ever seen!""

",-0.1096428571428571,0.6078571428571429,joy,anger,353
The optimism,12,https://i.redd.it/cqewfzp89e661.jpg,Satokibi,1893754.0,127949.0,1586.0,142123.0,825.0,2020-12-20 19:32:36,"You're about... 11 days too early
",0.1,0.3,joy,joy,34
He‚Äôs got a point,16,https://i.redd.it/7kvyshuyw7f51.jpg,nclarke1234,10787.0,1893.0,1527.0,142072.0,843.0,2020-08-05 17:21:20,"Your stomach
thinks all
potatoes are
mashed

~_

7‚Äù

~
,

‚Äî‚Äî

=,

~~

j

",0.0,0.0,joy,anger,73
Poor Guy,8,https://i.redd.it/z0j4h65dns461.jpg,Montana-Union,33372.0,455.0,1838.0,142048.0,561.0,2020-12-12 17:48:16,"Me Getting off my Computer: Goodnight
FBI Agent.

The NSA Agent being called The FBI agent
for 10 Years:

‚Äî
",0.0,0.0,sadness,anger,108
Y‚Äôall asked for it,18,https://i.redd.it/jo3amgnohby51.jpg,DJNachoslll,28887.0,2932.0,1607.0,142026.0,1899.0,2020-11-10 01:41:20,"The four horsemen of American highways
(Midwest edition)

Literally nothing

A worn down building every Still nothing but hey look
now and then there‚Äôs a cow over there

",-0.0962962962962962,0.1518518518518518,anger,sadness,170
Every European right now,24,https://i.redd.it/6pcbera37v971.png,Dresik74,8312.0,767.0,2212.0,141939.0,4626.0,2021-07-07 22:11:56,"| don't care if
Italy wins

| just need England
lose

",0.3,0.2,anger,anger,54
Pre-covid yeah,14,https://i.redd.it/wjd1piw907961.jpg,FutureSkeIeton,439961.0,218946.0,2000.0,141907.0,705.0,2021-01-03 22:22:08,"Do you
remember going
to raves?

This is a rug under a coffee table

",0.0,0.0,anger,anger,69
Poor sneks,10,https://i.redd.it/vc3pimz3agm41.jpg,ayywolfisgay,56939.0,2477.0,1953.0,141893.0,773.0,2020-03-13 14:29:21,"God: Okay, so there are only two animals
left to be created and there are a 100
legs for them to choose fro-

Centipede:

",0.1666666666666666,0.5,sadness,joy,122
Just to have someone to share it with...,40,https://i.redd.it/scrj0rhl4ju61.jpg,Phylogenetic_twig,49736.0,27591.0,2362.0,141849.0,2266.0,2021-04-21 13:34:31,,0.0,0.0,joy,none,3
Thanks for nothing Harry,24,https://i.redd.it/lgdzkn79rbp51.jpg,TheBeardedAntt,405081.0,28468.0,2086.0,141797.0,1180.0,2020-09-25 16:57:48,"Harry: Names his kid after two
manipulative men and calls them brave

Hagrid who took care of Harry
like a second father throughout
his entire school career:

",0.2666666666666666,0.5416666666666666,joy,joy,159
Harry Potter in a nutshell,26,https://i.redd.it/w0s34s86bso61.jpg,MTPokitz,3424997.0,65019.0,1487.0,141775.0,900.0,2021-03-23 14:02:37,"All 8 films summarized

| i

arr, you des oveeay up

. tM Z
va yes SY or 5
; - : A BRS ce j
~ hed Ae oy) ¬£2. | j 4 ;
i z : ne > Z
aus Py Y
i \ ets | fi ‚Äò m4 i
¬´ q ad Dias ef a A ~
4 q ; ay , -
. "" x + aS re OF fe 4
: . >. f , eNO aS x
. AD Lue UZ _ ‚Äî‚Äî, ‚Äô
Se se $ <= <‚Äî . Ss oi
~ 4 = =
SN \ ' a |...

- But | it was: awesome ‚Äò

VO.

40 points $ awesome
",1.0,1.0,anger,joy,352
Amazing feeling,15,https://i.redd.it/utf226ko79b61.jpg,jadenadams,105714.0,6095.0,1613.0,141692.0,1118.0,2021-01-14 07:55:34,"Nobody:
6 year old me blowing air out of my mouth

¬∞ : /
Jaye

",-0.075,0.6,surprise,anger,63
It‚Äôs usually how they end up breaking,37,https://i.redd.it/ciyvvatyndr61.jpg,RegularNoodles,5119712.0,122698.0,3068.0,141684.0,943.0,2021-04-05 16:00:03,"Me literally any time I‚Äôm
holding a TV remote

After all why not?

|

Why shouldn‚Äôt I slide
off the battery cover?

",-0.1,0.2,sadness,anger,116
medium effort meme,18,https://i.redd.it/3bpy1l1o06a41.png,verbatxm,35034.0,7130.0,1788.0,141516.0,761.0,2020-01-11 15:09:13,"When you flush the toilet
at your friend's house
but the water starts rising

6 6 ¬¢ (6 6 6 6 6 6 66 6 6 6 6 6
FuckFuckFuckFuckFuckFuckFuckFuckFuckFuckFuckFuckFuckFuckFuckFuck
",-0.0333333333333333,0.0,anger,anger,175
Shame on them,13,https://i.redd.it/hsyx1e4w22w31.jpg,sumwhop,12493.0,1440.0,2208.0,141438.0,2458.0,2019-11-01 10:56:27,"Porn Pornhub ARIA @ v
@Pornhub

20 million people already failed
NoNutNovember. Weak.

",-0.4375,0.4625,sadness,sadness,87
Not as expected,15,https://i.redd.it/pcy5hoq7s1451.jpg,Unknown,0.0,0.0,0.0,141440.0,661.0,2020-06-10 08:58:32,"When Disney made [ie
Finding Nemoto [ii
raise awareness

about taking

animals from their

natural habitat

When clownfish fig
sales skyrocketed [f
because everyone Mey

wanted a pet
Nemo

",0.1,0.4,anger,anger,189
Turtle power,12,https://i.redd.it/f37ojbwc6en61.jpg,NaveenTheBean,186549.0,1778.0,1270.0,141299.0,626.0,2021-03-16 13:26:32,"""Hey kids, you wanna live in the sewer, fight

crime and eat pizza for the rest of your life?""

:

made with mematic.
",0.1363636363636363,0.5,joy,anger,118
Sorry I had to censor the username but I wrote in the comments,62,https://i.redd.it/wvmtlxs00y261.jpg,D34TH_rider666,81355.0,4864.0,1745.0,141103.0,1192.0,2020-12-03 09:39:50,"Texas waitress gets
$2K tip but restaurant
refuses to give her a
cent

ee
26

The news outlet lied, look into the article. The tip

was invalid and wouldn't process, Emily's work

isn't withholding it from her and she has no j
problem with them. She was asked by her work to 4
contact the news in hopes of finding the man

which she did and the news outlet twisted the

story as they tend to do.

",-0.5,1.0,sadness,anger,397
Wait... I can get hit and not die?,34,https://i.redd.it/df0eawjo43n51.png,ProfessorJimHarris,163364.0,124187.0,1730.0,141065.0,1183.0,2020-09-14 09:49:43,"When a dark souls player gets hit in another game

",-0.275,0.4,fear,anger,51
Still won‚Äôt talk to her,23,https://i.redd.it/o2aab1i5dbb71.jpg,Rede331,299761.0,22521.0,1725.0,140994.0,2165.0,2021-07-15 05:38:30,"Most super
models

A random girl
working as a
cashier

",0.111111111111111,0.5555555555555555,anger,joy,55
Definitely not easy,19,https://i.redd.it/a4327nyg7qt51.jpg,TaToten,103172.0,7653.0,1913.0,140828.0,610.0,2020-10-17 21:50:22,"NPC: It's not easy to find the Thieves
guild hideout

‚Äî = = = =~
==
‚Äî‚Äî = .
‚Äî‚Äî
‚Äî* : ~ >~
= - ‚Äî_‚Äî
~
FZ ' <=
7 es ae
ss. _

",-0.2166666666666666,0.8333333333333334,joy,fear,121
Quicksave complete,18,https://i.redd.it/o3ab5mrm15u31.jpg,lennoxyaboi,147245.0,13153.0,1830.0,140817.0,982.0,2019-10-22 18:46:28,"NPC: *talks shit about me in a RPG*

ME:

",-0.2,0.8,joy,anger,42
The Earth is flat guys!,23,https://i.redd.it/nmg1lq36fem61.jpg,Mr_Lion_69,90660.0,2820.0,1448.0,140810.0,1220.0,2021-03-11 13:12:12,"Flat Earther: | did my own experiment to prove that the earth is flat

The experiment:

",0.1833333333333333,0.4166666666666667,anger,joy,88
Americans when they wake up: *angry noises*,43,https://i.redd.it/3f8a31h3rnf41.jpg,MyName1sUrName,40266.0,6149.0,1796.0,140747.0,1827.0,2020-02-08 08:08:06,"The Americans are asleep

Quick post images of free
health care

",0.3666666666666667,0.65,anger,joy,65
Pls don‚Äôt tell anyone,21,https://i.redd.it/6jsceedppx761.jpg,Parker1055,558510.0,72388.0,2055.0,140503.0,1051.0,2020-12-28 14:02:41,"| found you | found
on you on

Facebook: Reddit:

",0.0,0.0,anger,joy,50
More like physics but whatever.,31,https://i.redd.it/iqhu8v59mvz51.jpg,shaybra,57873.0,32939.0,2116.0,140429.0,1271.0,2020-11-17 22:26:42,"Your BaBy is so cute! | Oh, you like math?

How old is it?
32 month's!

Determine the velocity

R 9
",0.375,0.6,anger,joy,100
Bit of a long read but worth it,31,https://i.redd.it/05z631u1uiz41.jpg,mijuzz7,0.0,0.0,0.0,140310.0,1394.0,2020-05-18 12:58:47,"Karen: The term ‚Äòkaren‚Äô is as
offensive as the N-word.
Me: What's the N-word?
Her: | can't say that out loud.
Me: But you can say Karen
out loud, can't you?

Her: Well, yeah.

Me: So it's not as offensive
as the N-word, Is it?

",0.1,0.8,joy,anger,228
"Oh look, a shitty meme",22,https://i.redd.it/pedc3bztk1371.jpg,longtongus,56817.0,5505.0,1682.0,140299.0,2592.0,2021-06-03 12:10:39,"‚ÄúMoney doesn't matter‚Äù
-Rich People

‚ÄúLooks doesn't matter‚Äù ¬∞

-Attractive People (a

""‚ÄúMMMMMMMMMMM""
-Microwave

",0.5875,0.875,sadness,joy,113
Every damn time,15,https://i.redd.it/bzak8ettb3z31.jpg,bakirelopove,306236.0,187576.0,1772.0,140257.0,2410.0,2019-11-16 18:20:57,"About to leave a funny
and witty comment

~ Nobody is seeing
that shit

",0.1833333333333333,0.9333333333333332,anger,joy,72
2020 isn't so bad after all,27,https://i.redd.it/8kgsw9ieqx251.jpg,Fantastic_Ostrich,857867.0,25544.0,1646.0,140260.0,1609.0,2020-06-04 18:17:35,"And I thought
your family could sink n

lower.
",0.0,0.0,joy,anger,47
Why must you hurt me this way,29,https://i.redd.it/x3c0pix1mvq51.jpg,ShaquilleOatmeal211,0.0,0.0,0.0,140094.0,609.0,2020-10-03 12:48:22,,0.0,0.0,sadness,none,3
The holy trinity,16,https://i.redd.it/4s59ac4dolk51.jpg,Orkoorko20,139359.0,1510.0,2235.0,139983.0,1254.0,2020-09-01 20:59:22,"The ‚Äú| Won't kill You, but your
Hospital Bills Will‚Äù Gang

EX ‚Äî *

",0.0,0.0,joy,anger,67
The Fast and the Feline,23,https://i.redd.it/pjdnmlre66841.jpg,wheel_turner,104949.0,31622.0,1722.0,139968.0,528.0,2020-01-01 13:32:55,"Me: *calls cat by name
Cat: *ignores

Me: pspsps

Cat:

",0.0,0.0,anger,anger,56
Looking good bro,16,https://i.redd.it/40s7x90lob961.jpg,False-Guidance,72958.0,15563.0,1654.0,139864.0,977.0,2021-01-04 14:05:29,"4 Girls using the
+} guy filter on
) snapchat

Guys using the
girl filter on
% | snapchat

",0.0,0.0,joy,joy,91
well this is shit..,19,https://i.redd.it/4fg4uiq39g071.png,sarcasticnepali2058,909833.0,22149.0,1539.0,139844.0,1572.0,2021-05-21 10:19:33,"When you have to fart but you realize it's
not just the air and you stop it just in time

",0.0,0.0,anger,anger,90
She is the messiah!,19,https://i.redd.it/0ybgot19mjp61.jpg,Unknown,0.0,0.0,0.0,139813.0,1241.0,2021-03-27 09:52:48,"henhome, computer

Pixar. accidentally deleting
(90% of Toy Story 2

",0.0,0.0,joy,fear,69
Draco: My father will hear about this.,38,https://i.redd.it/ntcsfe8se5261.jpg,JMTran98,20850.0,375.0,1997.0,139455.0,818.0,2020-11-29 09:32:50,"Any other houses: *wins*
Dumbledore:

Warry made-his bed today. And for that reason,

&
=a
‚Äò

400000 points to Gryfindore

",0.0875,0.2875,anger,joy,123
All my homies are nocturnal,27,https://i.redd.it/hrlf4s40cst51.jpg,northbipolar,222323.0,168134.0,1698.0,139430.0,591.0,2020-10-18 04:59:06,"Me calculating how much
sleep I'll get if | watch one
more episode:

",0.35,0.35,fear,joy,69
Sry for the bad editing :(,26,https://i.redd.it/phvu21c5hnd61.png,RiseUpForRojava,10166.0,492.0,1599.0,139353.0,1261.0,2021-01-26 10:01:45,,0.0,0.0,anger,none,3
Just why???,11,https://i.redd.it/ztbg77ti4or51.jpg,achilles-_-23,776683.0,72571.0,1500.0,139315.0,2529.0,2020-10-07 12:41:48,"(x) That's incorrect.

Correct answer: 407

Your answer: 40.25

Help Me Solve This

",0.0,0.0,anger,anger,84
Tony Hawk brand soap,20,https://i.redd.it/6q4cnip17lj51.png,Davey-Do-A-Thing,73603.0,5871.0,1404.0,139258.0,533.0,2020-08-27 18:19:04,"Shampoo
bottles when
they fall in
the shower

Soap when |=
it falls in the
shower |@

",0.0,0.0,joy,fear,86
This was not the way it was supposed to go,42,https://i.redd.it/ipufhul5xs541.jpg,sasayne,15387.0,371.0,1815.0,139249.0,892.0,2019-12-20 14:49:38,"when you submit a post on
r/AmITheAsshole and everyone
Starts calling you asshole

",0.0,0.0,anger,anger,83
Smoking kills I guess,21,https://i.redd.it/ktpxkvcj41941.jpg,Unknown,0.0,0.0,0.0,139191.0,974.0,2020-01-05 21:37:38,"Nobody:

The Australian who threw his cigarette into
the grass:

",0.0,0.0,anger,anger,65
Thanks to covid!!,17,https://i.redd.it/rsqchf5772951.jpg,evipaulides,10790.0,2561.0,1894.0,139161.0,832.0,2020-07-05 15:43:10,"Teacher: wow, corona hasn't
stopped you guys from graduating!""

Students who only graduated
because of corona:

",0.0625,1.0,joy,joy,112
Biggest brain,13,https://i.redd.it/e9ye6r5m4w361.jpg,TheFartLord51,14280.0,2035.0,2017.0,139135.0,722.0,2020-12-08 04:26:10,"| - ee 8 a

w Conversation Starter - 1hr -

Parents on bus 23-

A child gave my son his tablet in exchange for an Oreo
cookie today on the bus. Please contact me for your tablet
back.

This kid:

f ¬∞

i
| was a business man... doing business.
",0.0,0.0,joy,joy,243
well now i am not doing it,26,https://i.redd.it/89mep1u1mrp41.jpg,Drub404,30170.0,4788.0,1919.0,138903.0,1098.0,2020-03-30 07:48:16,"me: yeah i guess i could
handle 3 weeks of quarantine

government:

",0.0,0.0,joy,joy,68
Another stale meme,18,https://i.redd.it/7wcefy6f70q61.jpg,tonk111,54693.0,27933.0,1291.0,138764.0,1324.0,2021-03-29 17:40:16,"Mag T0000
NE coin ee Mx .

youTto}stop: censoring VOUT
imain)platform}for kidsstbecalse
Vou) already haycaly outube
ea callystor Kids)

",0.0,0.0,anger,anger,136
Hello there!,12,https://i.redd.it/oc76puvz7z771.jpg,DragonTheBeast30,0.0,0.0,0.0,138763.0,1636.0,2021-06-28 09:35:51,"doctor: time to test
your reflexes

me: *dodges little knee hammer*

The doctor:

i :

",-0.1875,0.5,joy,fear,87
Thanks guuuuys,14,https://i.redd.it/z24pktp1unx51.jpg,OrangeJoe9,120099.0,20218.0,1746.0,138692.0,818.0,2020-11-06 18:07:52,"My teacher yelling at
me because my
phone won‚Äôt stop
vibrating on her desk

Me who just got my
phone taken away
posting this meme

fe) With mematic
",0.0,0.0,joy,anger,148
What are you doing SpongeBob?,29,https://i.redd.it/7anhbumxlcn51.jpg,TexFM,43632.0,1137.0,1531.0,138689.0,1151.0,2020-09-15 17:41:28,,0.0,0.0,anger,none,3
Listen here you little hypotenuse,33,https://i.redd.it/8y5qrxngfld51.jpg,chuse1995,43644.0,2032.0,2192.0,138681.0,1144.0,2020-07-28 12:39:52,"calm dowr
| calm dow

",0.3,0.75,anger,joy,22
Ez Harvard admission,20,https://i.redd.it/nqhi6149enj41.jpg,EmphaticAxis,61083.0,1274.0,2584.0,138600.0,1312.0,2020-02-28 11:12:39,"Colleges: we really need you to pay
$24,000 tuition, that's the lowest we
can go :-/

Me: what if | can throw this ball far af

Colleges: Imao that's lit, here's 100% off

",0.0166666666666666,0.7333333333333334,joy,joy,172
sad thumps up,13,https://i.redd.it/awnjtit491p51.png,sarcasticnepali2058,909833.0,22149.0,1539.0,138337.0,612.0,2020-09-24 05:38:39,"In the movie Home Alone, the producers
thought it would be too mean to use a real girl
for the pic of Buzz‚Äôs unattractive girlfriend,
so they used the art director's son.

‚Äú

Art director's son :

",-0.0562499999999999,0.49375,sadness,sadness,197
Act cool... be calm... act cool... be calm...,45,https://i.redd.it/vmdp1pq5w4o51.jpg,Staylin_Alive,65194.0,20848.0,2008.0,138320.0,414.0,2020-09-19 16:48:43,,0.0,0.0,joy,none,3
Just wait until you hear about Cars 3,37,https://i.redd.it/4u3azmhy1bd51.jpg,Master_JBT,772976.0,413369.0,2555.0,138301.0,869.0,2020-07-27 01:46:21,"bo)

FUN FACT: The guy in charge of
naming movies at Pixar makes over
$700k/year. He got a $300k bonus for
coming up with ""Cars""

That guy after coming up with
‚ÄòCars 2‚Äô:

",0.3,0.2,joy,joy,171
Confused flat earhers,21,https://i.redd.it/56hqjqiaike51.jpg,sijakas,351694.0,1899.0,1636.0,138284.0,1485.0,2020-08-02 10:39:03,,0.0,0.0,fear,none,3
Fuck wasps.,11,https://i.redd.it/nfhu0ytzmz371.jpg,CallTheLuftwaffe,22110.0,5305.0,1798.0,138255.0,3608.0,2021-06-08 06:43:21,"Friend who isabstetalen Piece A
extra fuzzy and
makes wax and

really loves shit
lots of honey Peon
",0.0,0.3666666666666667,anger,love,100
*boing* *boing*,15,https://i.redd.it/4lrvf0d8c8u51.jpg,dont_mind_me127,226365.0,7215.0,1704.0,137995.0,807.0,2020-10-20 10:49:01,"1

euprrrrerrEn mal

",0.0,0.0,anger,anger,21
BuT iM LiKe SqUiDwArD nOw,25,https://i.redd.it/8qobav4ibbd61.jpg,Major_Pineapple7562,273533.0,22066.0,1331.0,137940.0,611.0,2021-01-24 17:08:42,"But when you‚Äôre
an adult, you think
you‚Äôve become
Squidward

But in reality,
you‚Äôre probably
this guy now

",0.1,0.3,anger,joy,107
"Say I‚Äôm wrong, do it",20,https://i.redd.it/eytmozml7tl51.jpg,LADboy_11,11673.0,3187.0,1418.0,137911.0,1168.0,2020-09-07 23:23:08,"Reddit was launched in 2005
People in 2004:

",0.0,0.0,anger,joy,45
I don‚Äôt speak croissant sadly,29,https://i.redd.it/f7hle1ad1y641.jpg,SomeCollegeGwy,60519.0,23816.0,1673.0,137907.0,1336.0,2019-12-26 09:06:40,"Staying up till 4am to post memes
for Europeans as an American

",0.0,0.0,sadness,joy,64
"Sleeping? Nah, I don't do that.",31,https://i.redd.it/0o371kws1yx41.jpg,PerAsperaX,86500.0,8837.0,2168.0,137694.0,631.0,2020-05-10 14:00:21,"Family: look who's up early

Me pulling an alnighter:

",0.1,0.3,fear,joy,55
It's annoying af,16,https://i.redd.it/hm7wbvo3u2p51.jpg,jrs1354,85760.0,7931.0,1633.0,137631.0,484.0,2020-09-24 10:57:42,"Me: *closes Twitch*

Twitch:

",0.0,0.0,anger,anger,30
I bought a label maker for this joke,36,https://i.redd.it/1h7yhpeqxoc31.jpg,GNUGradyn,143324.0,74365.0,2585.0,137587.0,1774.0,2019-07-26 18:25:59,"12:20 AS WDPLTE 4 @ 84% 4 s

BUT YOU HAVE A LABELMAKER

1. ABEL MAKER

iy esl ; f } Hf I
NIT
ve y i! i, if Mi Hi My
Hs HEE HE }

",0.0,0.0,anger,joy,129
Bee movie was weird times,25,https://i.redd.it/pwf61l92ibv61.jpg,Koctopuz,502204.0,50167.0,1530.0,137580.0,941.0,2021-04-25 12:59:52,"‚Äúdoorbell rings*

",0.0,0.0,surprise,fear,18
PTSD intensifies,16,https://i.redd.it/9ipwdg36yb351.jpg,unpopular-sole,23222.0,10166.0,1848.0,137586.0,595.0,2020-06-06 18:05:34,"Kid: hey dad can you help me with my homework
Me: sure thing what class

",0.5,0.8888888888888888,sadness,joy,73
My enemies smell like friends at first,38,https://i.redd.it/f8wu1vwc8bx41.jpg,eljay87skt,89305.0,26396.0,1665.0,137552.0,465.0,2020-05-07 09:16:09,"= POPULAR SCIENC

Koalas use their
noses to find
friends and avoid
enemies

) ITSMELULIKE BITCH int HERE""
",0.6,0.9,anger,joy,106
All of the starter money wasted..,33,https://i.redd.it/1kcfsvmeeol61.jpg,Prophet-Bon,20307.0,877.0,1405.0,137487.0,770.0,2021-03-07 21:41:12,"Tutorial: You can upgrade your
gear with gold!

Me: But | wanna save my g-
Tutorial:

",0.0,0.0,sadness,joy,86
Took some time to find the HD clip of Peter dancing and the original image of The Joker to put this together. Now I shall rest.,127,https://i.redd.it/xe1jvn4d8ik31.jpg,OG-Dreadful,336783.0,19761.0,1852.0,137474.0,864.0,2019-09-04 04:26:03,"Me: *remasters the Peter and Joker
dancing meme in full HD using the

Original image and Photoshopping
Peter Parker almost smoothly

The first 2 Redditors
who appreciate my work:

peak
",0.34375,0.5333333333333333,joy,joy,185
i don't know dad,16,https://i.redd.it/vz8hgdwg64q61.jpg,mohaee,538212.0,426956.0,1817.0,137442.0,1255.0,2021-03-30 07:01:49,"‚Äò5D Chess with Time travel‚Äô is a thing
that exists and you can play now

Wo Le

@ Css, Compas Gorn com

‚ÄòAre ya winning son?‚Äô

| DONT KNOW

eB

",0.5,0.75,anger,joy,144
every time,10,https://i.redd.it/566pwu7lffy51.jpg,PrettyCoolTim,735572.0,7890.0,1420.0,137407.0,439.0,2020-11-10 14:56:55,"dad: *doesn‚Äôt want shark*

family: *gets shark anyway‚Äù
dad and the shark:

",0.0,0.0,anger,anger,75
Looks fun tho,13,https://i.redd.it/x7ic5ua4pva61.jpg,xPriZzma,26927.0,255.0,2345.0,137350.0,565.0,2021-01-12 10:28:15,"‚ÄúSpiderMan gets released for pc*
Pc modders:
",0.0,0.0,joy,joy,45
please change it,16,https://i.redd.it/6868hpn384v61.png,aji_shio,227963.0,51255.0,1265.0,137287.0,1264.0,2021-04-24 12:31:42,"he nef

If you ever

think you're slow and ¬©

lazy, just remember
Ne

|
: _.

r/memes still has a
valentines day profile picture
",-0.275,0.7,joy,anger,129
Sounded way better in my head,29,https://i.redd.it/9knprglwx3561.jpg,TheFattyTron2,27340.0,9516.0,1359.0,137275.0,775.0,2020-12-14 07:46:56,"‚ÄúWelcome to Month 9 of our 3 week pandemic‚Äù

",0.8,0.9,joy,joy,45
this be the most awkward shit tho,33,https://i.redd.it/45g1j1s7irk61.jpg,SuckMyAss42069_,34249.0,3455.0,1615.0,137266.0,1676.0,2021-03-03 07:03:47,"Me eating at the dinner
table with my family as if |

didn‚Äôt just nut to porn 5
minutes ago

made with mematic
",0.0,0.0,sadness,anger,111
Cha cha.........,16,https://i.redd.it/w8fsj0uffyt51.jpg,mjavedansari,32964.0,1588.0,1514.0,137255.0,472.0,2020-10-19 01:29:04,"‚Äò

A.

Knock knock

| Who's there
4y
; ‚Äî_ .
Where when
\
Where when who v
4 J 1 ‚Äò x

My place, tomorrow, you and me

",0.0,0.0,anger,joy,117
HULLLLLK SMAAAAASH,18,https://i.redd.it/lcvdajsutqx61.png,IcyFlameCoc,44887.0,892.0,1491.0,137253.0,1358.0,2021-05-07 18:41:38,"Captain America: takes a serum
that makes him superhuman
Thor: summons lightning to
fight his enemies

Doctor Strange: uses real magic

Hulk:

",0.35,0.575,anger,fear,143
I'm getting nervous,19,https://i.redd.it/breypv7kqqn31.jpg,LeftHandWillDoTheJob,18344.0,2323.0,1994.0,137201.0,1130.0,2019-09-20 12:14:41,"Europeans waiting for
the Area 51 raid results

C'MON DO SOMETHING
",0.0,0.0,fear,fear,67
Oh the horror,13,https://i.redd.it/7t231l5ylj451.png,teekay_1994,476280.0,149929.0,1557.0,137163.0,795.0,2020-06-12 20:55:44,"When | flush the toilet and the
water starts rising:

",-0.0333333333333333,0.0,fear,fear,54
Someone check for me,20,https://i.redd.it/mmen8t49ozh51.jpg,nijo141,27430.0,991.0,1721.0,137045.0,669.0,2020-08-19 16:50:37,"Hey, perfectionists.
This is an 89¬∞ angle. Have a good day!

Perfectionists realizing that it is a
PERFECT 80¬∞ angle:

Vil allow it:
",0.9375,0.8,fear,joy,133
"Sorry, mom.",11,https://i.redd.it/pmfezx346t261.jpg,AngrySlavette,18323.0,889.0,2231.0,137038.0,729.0,2020-12-02 17:25:08,"| Using my
| artistic skills for
commissions to |
| make profit

Drawing memes
for validation

| from strangers
online

",0.3333333333333333,1.0,sadness,joy,120
We've been tricked,18,https://i.redd.it/0n0840msjjw41.jpg,chungus23,384906.0,5301.0,2007.0,136938.0,786.0,2020-05-03 12:10:20,"aibohphobia

The irrational fear of palindromes (words that
read the same forwards and backwards).

The guywho
named the phobia

| pulled a little sneaky on ya
",-0.09375,0.3125,anger,anger,160
There‚Äôs been an update,22,https://i.redd.it/n3jngiw2hxj51.jpg,Fabianodaddy,220505.0,25942.0,1470.0,136880.0,2080.0,2020-08-29 11:35:08,"You know Jimbo, if you go to your
reddit inbox, press the three
circles icon in the top corner,
select ‚Äúnotification settings,‚Äù
scroll down, and switch off

‚Äútrending posts,‚Äù then you will no
longer get and trending messages.
Ain‚Äôt that just quacking crazy?
",-0.0851851851851851,0.562962962962963,joy,anger,258
not a furry btw,15,https://i.redd.it/9zrhslok1aa51.jpg,solidsnakeeeeeeeeee,81291.0,1438.0,1811.0,136807.0,842.0,2020-07-11 19:14:28,"when they say ""werewolf""

but not ""how wolf""

",0.0,0.0,anger,anger,46
The Return of the [paper] King,30,https://i.redd.it/bp2tqwc2he561.jpg,LWYPLTDG,432312.0,4721.0,1899.0,136796.0,595.0,2020-12-15 19:12:10,"Empty wrapping paper tube: *exists*
Everyone:

This is a
good sword.
",0.3,0.55,joy,joy,69
Can you find Him?,17,https://i.redd.it/ajhgqh83vyz51.jpg,Owais_9x,27980.0,624.0,2188.0,136678.0,825.0,2020-11-18 09:21:35,"Baby Elephant Tries To Hide Behind The Light Pole After
Spotted Eating Sugarcane

STELF

",-0.0333333333333333,0.6,fear,fear,89
u humans cheat.,15,https://i.redd.it/5qz5zjktex951.jpg,__YesYouSuck__,31240.0,579.0,1559.0,136575.0,477.0,2020-07-10 00:41:07,"ean Winning) miss universs
Eveny tucking tine

",0.5,0.75,anger,joy,47
Voice chat,10,https://i.redd.it/4qxpwprwp4961.jpg,Lenduivenvoorde,88995.0,784.0,1566.0,136434.0,2119.0,2021-01-03 14:40:26,"id)

.

",0.0,0.0,anger,fear,8
What could possibly go wrong?!,30,https://i.redd.it/zm55sqlhjgc61.jpg,Kelly_the_tailor,66389.0,17011.0,1971.0,136349.0,740.0,2021-01-20 09:38:15,"The humans have a cosy fire and some
left overs... | will go and have a look.
What could possibly go wrong?!

00 years later.

200

",-0.2083333333333333,0.3,fear,anger,132
Only happens with me!,21,https://i.redd.it/yx6npyi9kmb51.jpg,seriousme4u,55471.0,11165.0,1511.0,136317.0,790.0,2020-07-18 14:20:21,"When COVID-19 is over and you
can finally go finish the 8th grade.
YY a

)>

",0.0,1.0,anger,joy,77
I am a bot and this was performed automatically.,48,https://i.redd.it/n026mm9zvqf51.jpg,Re-jacked,0.0,0.0,0.0,136204.0,723.0,2020-08-08 09:09:41,"Me : *sees this*

a See

!am a bot, and this action was performed
automatically. Please

",0.1,0.1,joy,joy,89
Well played man,15,https://i.redd.it/87ixysq2y5f51.png,Paparatzi00,14153.0,6457.0,2114.0,136153.0,1121.0,2020-08-05 10:44:16,"Gamers: ‚ÄúI can‚Äôt play, I have over a 100 ping!‚Äù

People at NASA controlling the rover with between
240 000 and 1 440 000 ping:

",0.0,0.0,joy,joy,128
We‚Äôre alive though,18,https://i.redd.it/1j6om9dutdn41.jpg,Sahil1200,361006.0,6261.0,2128.0,136103.0,577.0,2020-03-18 07:18:44,"Time traveler: What year is it?
Me: 2020
Time traveler:

",0.0,0.0,joy,joy,57
Imagine if this COVID outbreak happened 10 years ago,52,https://i.redd.it/ohsp2bgd18i61.jpg,elch3w,4972401.0,528980.0,1668.0,136086.0,1171.0,2021-02-18 11:28:10,"IW ‚ÄòN Y .
vs
P

VOCOLOSEIOOL
nike VA ic
",0.0,0.0,fear,anger,40
It was horrible,15,https://i.redd.it/yves3izsbsj31.jpg,yogotami,12938.0,5150.0,1948.0,135907.0,2641.0,2019-08-31 13:54:30,"Every redditor a
couple of minutes ago

",0.0,0.0,sadness,anger,40
"Watch and learn, Satan.",23,https://i.redd.it/iy0o1l03wgo51.jpg,wooden_slug,689384.0,14998.0,2573.0,135839.0,570.0,2020-09-21 09:09:36,"*CASHIER GAVE TOO MUCH CHANGE
SATAN : SHUT UP AND KEEP IT
ME TO CASHIER : IT'S TWO DOLLAR SHORT

",0.1,0.25,anger,anger,97
She walkin up to the door so swiftly,36,https://i.redd.it/gcz5mwn0mjk51.jpg,Danskerz,153770.0,3026.0,1963.0,135821.0,1180.0,2020-09-01 14:02:00,"When everyone is vibing at home,
but you hear your mom drive up
and you know the atmosphere of
fun and relaxation is about to end

",0.3,0.2,anger,joy,131
This is pretty rare,19,https://i.redd.it/m3ftwrvoa3x51.jpg,MilkyChast,902346.0,72682.0,1965.0,135752.0,474.0,2020-11-03 21:03:46,"When Spotify starts playing a
Suggested song but it actually
Slaps pretty hard

",-0.0138888888888888,0.5472222222222222,joy,anger,80
True story,10,https://i.redd.it/b2wy8bztrw051.jpg,winkysocks21,1770200.0,77347.0,1780.0,135574.0,500.0,2020-05-25 12:55:04,"| wanna be hot enough to make
people question their sexual
orientation

i'm ugly enough to make people
question their sexual orientation

",0.0916666666666666,0.7527777777777778,joy,anger,138
The good old days.,18,https://i.redd.it/54rm7ojvog461.png,OmgFlordaWifi,28104.0,4910.0,1453.0,135412.0,780.0,2020-12-11 01:35:21,"x

THAT FUCKING PIECE

| saw it ten goddamn times when | didn't need it

",-0.3,0.4,joy,anger,73
We all know what year it is,27,https://i.redd.it/m3mdxfjm9sy51.jpg,FR-5T,12164.0,1428.0,1465.0,135384.0,985.0,2020-11-12 10:06:27,"ARTIST BUILDS BOAT THAT LOOKS LIKE A GIANT ZIPPER
UNZIPPING THE WATER

",0.0,1.0,joy,joy,71
That's just the way it is,25,https://i.redd.it/0z40aahuwkk61.jpg,jonasslaks,0.0,0.0,0.0,134952.0,841.0,2021-03-02 08:53:18,"Schools:

",0.0,0.0,joy,anger,10
Bow to me,9,https://i.redd.it/1v1bnrl2h7s41.jpg,Unknown,0.0,0.0,0.0,134920.0,1278.0,2020-04-11 15:17:08,"8 year old me opening my eyes
in the sad: without goggles:

pe

lam the dn Lod Poseidon

",-0.2,0.6,anger,sadness,89
Worse than impostor,19,https://i.redd.it/vh5kuhrfuyq51.jpg,kapper2705,18401.0,1756.0,2085.0,134895.0,457.0,2020-10-03 23:40:43,"‚Äú red but black Is annoying

PENCE

2D0a08e@

",-0.3222222222222222,0.4444444444444445,anger,anger,46
Minimalism has to burn,22,https://i.redd.it/ytpflr0us0j61.jpg,NeonSprig,272365.0,90991.0,1670.0,134877.0,919.0,2021-02-22 12:11:02,"What the Firefox
logo would be if
society abandoned minimalism

",0.0,0.0,joy,sadness,64
I Love When They Think We Don‚Äôt See Them,40,https://i.redd.it/u8sy0a47kdd51.jpg,Unknown,0.0,0.0,0.0,134825.0,614.0,2020-07-27 10:12:11,"Nobody:

Lizards in summer:

",0.0,0.0,anger,anger,29
It will bore to the middle of the earth,39,https://i.redd.it/v0jvwzgnsca41.jpg,fairywithcancer,41281.0,12443.0,1959.0,134816.0,727.0,2020-01-12 13:56:32,"*Puts down gently in fear of breaking the TV*

*Puts down gently in fear of breaking the table and your
fingers*
",0.0222222222222222,0.5444444444444445,anger,fear,113
Take note pls,13,https://i.redd.it/g46qka68hf351.jpg,not_a_bro_,14179.0,1002.0,1759.0,134814.0,1673.0,2020-06-07 05:57:44,,0.0,0.0,anger,none,3
Anyone Else?,12,https://i.redd.it/d2ixcp85zeq41.jpg,Unknown,0.0,0.0,0.0,134801.0,661.0,2020-04-02 14:22:44,"when lockdown ends

",0.0,0.0,anger,fear,20
They pulled out a sneaky on ya.,31,https://i.redd.it/4or54ce4lb841.jpg,Yazzi1018,59558.0,659.0,2468.0,134704.0,648.0,2020-01-02 07:44:16,"geralt: >:[

his sword: :D

",0.25,1.0,anger,anger,28
I do it every time,18,https://i.redd.it/2isjkxom9n361.jpg,BH-NaFF,82786.0,17846.0,1540.0,134698.0,721.0,2020-12-06 22:38:13,"Normal people: Just watch
the movie

Me: Trying to see if the actors who
just died in the movie are
breathing

",0.15,0.6499999999999999,anger,sadness,111
Very interesting...,19,https://i.redd.it/boh1b2httmx51.png,Unknown,0.0,0.0,0.0,134607.0,894.0,2020-11-06 14:44:51,"The developer(s) who
didn't intend to put any,
secret.meaning behind it .

",-0.4,0.7,joy,anger,75
So deep,7,https://i.redd.it/33x5mdx0chl61.jpg,Fabs74,0.0,0.0,0.0,134444.0,916.0,2021-03-06 21:55:27,"WHEN YOU'RE HAPPY,
YOU ENJOY
THE MUSIC

WHEN YOU'RE SAD,
YOU UNDERSTAND
THE LYRICS

8) Baby shark do
do do do do
do
",0.3,0.875,joy,joy,116
Or just insert a random emoji,29,https://i.redd.it/s9hzizt1xku61.jpg,RegularNoodles,5119712.0,122698.0,3068.0,134407.0,2368.0,2021-04-21 19:35:47,"Contributing nothing
toya Conversation
",0.0,0.0,joy,anger,39
what was this movie,19,https://i.redd.it/j5haueashxp51.jpg,Unknown,0.0,0.0,0.0,134335.0,601.0,2020-09-28 18:03:53,"kid: starts drowning in chocolate river

the kid: the parents:

",0.0,0.0,anger,fear,64
very rare,9,https://i.redd.it/hcro5mos3il61.jpg,Unknown,0.0,0.0,0.0,134294.0,863.0,2021-03-07 00:31:08,"Waiter: Your steak sir. Very rare.
Me: Wow, that's rare.

",0.2633333333333333,0.9666666666666668,fear,joy,58
Adios mi amigo,14,https://i.redd.it/hap71d16e2f51.jpg,AntarticOcean,158878.0,11590.0,2030.0,134289.0,495.0,2020-08-04 22:47:03,"Finally | took my
schizophrenia pills
",0.0,1.0,joy,sadness,38
Doot Doot! üé∫,12,https://i.redd.it/fxlbgwqd3fq51.jpg,observeromega87,43657.0,30130.0,1907.0,134210.0,534.0,2020-10-01 05:15:15,"when its spooktpber and all the
old memes raise from the dead

",-0.05,0.3,anger,anger,63
The struggles of a cannibal,27,https://i.redd.it/76ej28wqc7d61.jpg,rowsdowerismydad,156325.0,15744.0,1719.0,134131.0,694.0,2021-01-24 03:48:32,"Thanos: *snaps*

Cannibals just tryna enjoy their
meal:

",0.4,0.5,anger,joy,57
A bit late tho,14,https://i.redd.it/55ypojr6nuc61.jpg,JustRandomStuf,15152.0,2405.0,1580.0,134108.0,424.0,2021-01-22 09:03:54,"when your mcdonalds
toy from 4 years
ago is ameme

",0.0,0.0,anger,anger,51
it'll be like that,18,https://i.redd.it/47gaclsztht61.png,sarcasticnepali2058,909833.0,22149.0,1539.0,133771.0,1772.0,2021-04-16 08:09:22,,0.0,0.0,joy,none,3
"Made by the best editor, PaInT",30,https://i.redd.it/rgepqueo52w61.png,Unknown,0.0,0.0,0.0,133752.0,2895.0,2021-04-29 06:39:09,"HEY South Korea WHY
DO YOU ALWAYS

High teen suicid
rate, 15 hours of
school, children
",0.08,0.27,joy,joy,87
I can‚Äôt be the only one,23,https://i.redd.it/lrpn3hqt0v061.jpg,jg3014,46343.0,10776.0,2293.0,133660.0,1055.0,2020-11-22 21:30:46,"How | imagined

myself in an vs ___ Reality
apocalypse

",0.0,0.0,sadness,joy,56
We all can relate,17,https://i.redd.it/faj9zaofuhu51.jpg,Hp_fireemblem_fan,15484.0,1455.0,1471.0,133560.0,975.0,2020-10-21 18:47:13,"me scared at 7:01 when my
mum said she'd pick me up at

7:00

",0.0,0.0,joy,fear,62
Sw√§den #1,9,https://i.redd.it/utkcst8vfkm51.png,Nikobr02,37038.0,6928.0,2544.0,133321.0,628.0,2020-09-11 18:57:34,"SON ENEMV.AIRCRAFT: BOMBERS

) COULDNTISEETHEM

",0.0,0.0,joy,anger,48
Sucks to be u,13,https://i.redd.it/jnqyng3z5ig61.jpg,luzy__,154010.0,15425.0,1874.0,133298.0,675.0,2021-02-09 19:22:58,"Shrek Movi

Don't judge others by their appearance.

Also Shrek Movies:

",0.0,0.0,anger,joy,73
It's honest work,16,https://i.redd.it/votpz5o1rog41.jpg,TomMcWeedy,0.0,0.0,0.0,133130.0,808.0,2020-02-13 12:33:52,"e@ia saying,‚Äù

ativi deol
games canimake
People violent

wy 2

e ao. a

Weame because)
accidentally,
picked thejjude
idialogimakimg the
charactemsad

3 =

",-0.8,1.0,joy,anger,155
Learning is tough...though...through.....well whatever,54,https://i.redd.it/on3a83b4e9s51.jpg,2102nic,26150.0,4576.0,2023.0,133077.0,2357.0,2020-10-10 12:13:00,"*Confused screaming*
",-0.4,0.7,joy,fear,21
Oh Romeo...,11,https://i.redd.it/ygwh115pa8741.jpg,calebvetter,30031.0,4626.0,3688.0,133053.0,637.0,2019-12-27 19:36:42,"JULIET

",0.0,0.0,anger,anger,8
"Fuck Daniel, all my homies hate Daniel.",39,https://i.redd.it/6evwxf6rccj51.jpg,IfGeraltwasbrown,308193.0,44145.0,1552.0,132900.0,644.0,2020-08-26 12:33:28,"ov You're connected
with Daniel

Hello, and thank you for
contacting spectrum technical
support. My name is Daniel. How
are you today?

imn

\'m happy to hear that. How may |
assist you today?

",0.4,0.55,anger,joy,194
I guess I am a useless member of society,40,https://i.redd.it/7qirjhk903061.jpg,Unknown,0.0,0.0,0.0,132892.0,965.0,2020-11-18 23:19:13,"What time do you
wake up?

¬© Sam
¬© 6am
¬© Jam

I am a useless
member of society

",-0.5,0.2,sadness,sadness,80
program,7,https://i.redd.it/mbgbtzaxq6s61.jpg,MaKr710,7215.0,1225.0,1778.0,132869.0,1220.0,2021-04-09 17:48:14,,0.0,0.0,joy,none,3
I feel this on a real level,27,https://i.redd.it/4t8dq21ar4v51.jpg,duckygodownthehole,36155.0,3883.0,1453.0,132862.0,996.0,2020-10-24 23:50:14,"Welcome to adulthood. You
get mad when they rearrange
the grocery store now

",0.0875,0.95,joy,anger,77
